ISO-10303-21;
HEADER;
FILE_DESCRIPTION (( 'STEP AP203' ),
    '1' );
FILE_NAME ('JA10G560Q2.STEP',
    '2025-07-28T08:32:55',
    ( '' ),
    ( '' ),
    'SwSTEP 2.0',
    'SolidWorks 2025',
    '' );
FILE_SCHEMA (( 'CONFIG_CONTROL_DESIGN' ));
ENDSEC;

DATA;
#1 = ORIENTED_EDGE ( 'NONE', *, *, #2306, .T. ) ;
#2 = EDGE_CURVE ( 'NONE', #227, #2407, #1643, .T. ) ;
#3 = ORIENTED_EDGE ( 'NONE', *, *, #2524, .F. ) ;
#4 = DIRECTION ( 'NONE',  ( 0.000000000000000000, 0.000000000000000000, -1.000000000000000000 ) ) ;
#5 = CARTESIAN_POINT ( 'NONE',  ( 4.283254797250468648, -15.00000000000000000, 1.615000000000000657 ) ) ;
#6 = LINE ( 'NONE', #2726, #304 ) ;
#7 = CARTESIAN_POINT ( 'NONE',  ( -3.999999999999986233, 28.69999999999999574, 5.000000000000000000 ) ) ;
#8 = AXIS2_PLACEMENT_3D ( 'NONE', #2798, #1018, #1911 ) ;
#9 = CIRCLE ( 'NONE', #1147, 2.000000000000000444 ) ;
#10 = LINE ( 'NONE', #273, #2159 ) ;
#11 = AXIS2_PLACEMENT_3D ( 'NONE', #759, #748, #2360 ) ;
#12 = VERTEX_POINT ( 'NONE', #1420 ) ;
#13 = DIRECTION ( 'NONE',  ( -1.000000000000000000, -0.000000000000000000, -0.000000000000000000 ) ) ;
#14 = ORIENTED_EDGE ( 'NONE', *, *, #1323, .F. ) ;
#15 = DIRECTION ( 'NONE',  ( -0.7071067811865489050, 0.000000000000000000, 0.7071067811865462405 ) ) ;
#16 = CARTESIAN_POINT ( 'NONE',  ( -3.500000000000000000, 37.20000000000000284, 1.500000000000000000 ) ) ;
#17 = DIRECTION ( 'NONE',  ( 0.000000000000000000, 0.000000000000000000, 1.000000000000000000 ) ) ;
#18 = EDGE_LOOP ( 'NONE', ( #909, #2844, #279, #1648 ) ) ;
#19 = DIRECTION ( 'NONE',  ( 0.000000000000000000, -1.000000000000000000, 0.000000000000000000 ) ) ;
#20 = EDGE_CURVE ( 'NONE', #934, #1817, #1767, .T. ) ;
#21 = ADVANCED_FACE ( 'NONE', ( #535 ), #2539, .F. ) ;
#22 = DIRECTION ( 'NONE',  ( 1.000000000000000000, 0.000000000000000000, 0.000000000000000000 ) ) ;
#23 = DIRECTION ( 'NONE',  ( 0.000000000000000000, 0.000000000000000000, -1.000000000000000000 ) ) ;
#24 = DIRECTION ( 'NONE',  ( 0.000000000000000000, 0.000000000000000000, -1.000000000000000000 ) ) ;
#25 = LINE ( 'NONE', #580, #1314 ) ;
#26 = ORIENTED_EDGE ( 'NONE', *, *, #1141, .T. ) ;
#27 = ORIENTED_EDGE ( 'NONE', *, *, #2636, .T. ) ;
#28 = CARTESIAN_POINT ( 'NONE',  ( -3.500000000000000000, 33.20000000000000995, 1.500000000000000000 ) ) ;
#29 = ORIENTED_EDGE ( 'NONE', *, *, #2157, .T. ) ;
#30 = ORIENTED_EDGE ( 'NONE', *, *, #1963, .F. ) ;
#31 = VECTOR ( 'NONE', #2381, 1000.000000000000000 ) ;
#32 = AXIS2_PLACEMENT_3D ( 'NONE', #340, #1432, #311 ) ;
#33 = CARTESIAN_POINT ( 'NONE',  ( -4.000000000000008882, 33.20000000000000995, 1.500000000000000000 ) ) ;
#34 = CIRCLE ( 'NONE', #1602, 1.449999999999993072 ) ;
#35 = EDGE_CURVE ( 'NONE', #1363, #1577, #2780, .T. ) ;
#36 = FACE_OUTER_BOUND ( 'NONE', #97, .T. ) ;
#37 = DIRECTION ( 'NONE',  ( 1.000000000000000000, 0.000000000000000000, 0.000000000000000000 ) ) ;
#38 = AXIS2_PLACEMENT_3D ( 'NONE', #1752, #387, #1987 ) ;
#39 = DIRECTION ( 'NONE',  ( 0.000000000000000000, 0.000000000000000000, 1.000000000000000000 ) ) ;
#40 = VERTEX_POINT ( 'NONE', #1541 ) ;
#41 = DIRECTION ( 'NONE',  ( 0.000000000000000000, -1.000000000000000000, 0.000000000000000000 ) ) ;
#42 = PLANE ( 'NONE',  #1776 ) ;
#43 = VERTEX_POINT ( 'NONE', #395 ) ;
#44 = CARTESIAN_POINT ( 'NONE',  ( -5.957110958325088745, 31.18888850503252641, -9.323328276560879146 ) ) ;
#45 = ORIENTED_EDGE ( 'NONE', *, *, #2235, .F. ) ;
#46 = CARTESIAN_POINT ( 'NONE',  ( 8.000000000000000000, 33.34595037822607821, -5.700000000000000178 ) ) ;
#47 = ORIENTED_EDGE ( 'NONE', *, *, #527, .T. ) ;
#48 = EDGE_CURVE ( 'NONE', #40, #2538, #1560, .T. ) ;
#49 = DIRECTION ( 'NONE',  ( 0.000000000000000000, -1.000000000000000000, 0.000000000000000000 ) ) ;
#50 = DIRECTION ( 'NONE',  ( -1.000000000000000000, 0.000000000000000000, -0.000000000000000000 ) ) ;
#51 = EDGE_CURVE ( 'NONE', #1967, #2187, #2523, .T. ) ;
#52 = CARTESIAN_POINT ( 'NONE',  ( -5.936033301471938195, 38.96801665073599708, 3.518565116405359738 ) ) ;
#53 = FACE_OUTER_BOUND ( 'NONE', #2200, .T. ) ;
#54 = ORIENTED_EDGE ( 'NONE', *, *, #2391, .F. ) ;
#55 = PLANE ( 'NONE',  #307 ) ;
#56 = EDGE_CURVE ( 'NONE', #2914, #1330, #1774, .T. ) ;
#57 = ORIENTED_EDGE ( 'NONE', *, *, #2333, .F. ) ;
#58 = AXIS2_PLACEMENT_3D ( 'NONE', #1404, #1668, #746 ) ;
#59 = CARTESIAN_POINT ( 'NONE',  ( -5.000000000000000000, 32.70000000000000284, -9.999999999999998224 ) ) ;
#60 = CIRCLE ( 'NONE', #2587, 1.000000000000000888 ) ;
#61 = PLANE ( 'NONE',  #205 ) ;
#62 = CIRCLE ( 'NONE', #1976, 2.000000000000000444 ) ;
#63 = CARTESIAN_POINT ( 'NONE',  ( 4.000000000000000000, 28.69999999999999574, -3.000000000000000444 ) ) ;
#64 = CARTESIAN_POINT ( 'NONE',  ( -5.897852201897221036, 38.94892610094855456, 3.644431334305591186 ) ) ;
#65 = CARTESIAN_POINT ( 'NONE',  ( -4.000000000000008882, 37.20000000000000284, 2.300000000000001599 ) ) ;
#66 = DIRECTION ( 'NONE',  ( 1.000000000000000000, -0.000000000000000000, -0.000000000000000000 ) ) ;
#67 = LINE ( 'NONE', #2591, #1820 ) ;
#68 = FACE_BOUND ( 'NONE', #845, .T. ) ;
#69 = EDGE_CURVE ( 'NONE', #1719, #2672, #2826, .T. ) ;
#70 = DIRECTION ( 'NONE',  ( 0.000000000000000000, 0.000000000000000000, 1.000000000000000000 ) ) ;
#71 = PERSON_AND_ORGANIZATION_ROLE ( 'classification_officer' ) ;
#72 = ORIENTED_EDGE ( 'NONE', *, *, #1466, .T. ) ;
#73 = DIRECTION ( 'NONE',  ( 0.000000000000000000, 0.000000000000000000, -1.000000000000000000 ) ) ;
#74 = CARTESIAN_POINT ( 'NONE',  ( 7.932127016263510022, 34.03833836835200799, -5.700000000000001066 ) ) ;
#75 = ORIENTED_EDGE ( 'NONE', *, *, #2835, .F. ) ;
#76 = DIRECTION ( 'NONE',  ( 0.000000000000000000, 0.000000000000000000, -1.000000000000000000 ) ) ;
#77 = AXIS2_PLACEMENT_3D ( 'NONE', #1447, #2163, #1696 ) ;
#78 = CYLINDRICAL_SURFACE ( 'NONE', #2377, 1.000000000000000888 ) ;
#79 = ADVANCED_FACE ( 'NONE', ( #1849 ), #1345, .T. ) ;
#80 = EDGE_CURVE ( 'NONE', #2171, #483, #1292, .T. ) ;
#81 = VECTOR ( 'NONE', #1988, 1000.000000000000000 ) ;
#82 = CARTESIAN_POINT ( 'NONE',  ( -7.000000000000000000, 35.95000000000000284, -7.905880620191565455 ) ) ;
#83 = DIRECTION ( 'NONE',  ( 0.000000000000000000, 0.000000000000000000, -1.000000000000000000 ) ) ;
#84 = VECTOR ( 'NONE', #1970, 1000.000000000000000 ) ;
#85 = CARTESIAN_POINT ( 'NONE',  ( 6.000000000000000000, 39.00000000000000000, 3.000000000000000000 ) ) ;
#86 = VERTEX_POINT ( 'NONE', #2775 ) ;
#87 = EDGE_CURVE ( 'NONE', #657, #1854, #1895, .T. ) ;
#88 = CARTESIAN_POINT ( 'NONE',  ( -5.800000000000005151, 33.20000000000000995, 0.6999999999999985123 ) ) ;
#89 = CARTESIAN_POINT ( 'NONE',  ( 4.283254797250467760, -15.00000000000000000, -0.8050000000000004929 ) ) ;
#90 = DIRECTION ( 'NONE',  ( 0.7071067811865525687, 0.000000000000000000, -0.7071067811865425767 ) ) ;
#91 = LINE ( 'NONE', #2670, #81 ) ;
#92 = CARTESIAN_POINT ( 'NONE',  ( -8.000000000000000000, 34.45000000000000284, -6.190967364599075040 ) ) ;
#93 = LINE ( 'NONE', #534, #768 ) ;
#94 = FACE_BOUND ( 'NONE', #364, .T. ) ;
#95 = CARTESIAN_POINT ( 'NONE',  ( 3.500000000000000000, 37.20000000000000284, 1.500000000000000000 ) ) ;
#96 = PLANE ( 'NONE',  #2371 ) ;
#97 = EDGE_LOOP ( 'NONE', ( #1150, #1327, #1478, #1614 ) ) ;
#98 = DIRECTION ( 'NONE',  ( -0.000000000000000000, -1.000000000000000000, -0.000000000000000000 ) ) ;
#99 = CARTESIAN_POINT ( 'NONE',  ( 7.000000000000000000, 0.000000000000000000, 0.000000000000000000 ) ) ;
#100 = AXIS2_PLACEMENT_3D ( 'NONE', #491, #1448, #987 ) ;
#101 = AXIS2_PLACEMENT_3D ( 'NONE', #1392, #731, #749 ) ;
#102 = ORIENTED_EDGE ( 'NONE', *, *, #803, .F. ) ;
#103 = EDGE_CURVE ( 'NONE', #2384, #2624, #1390, .T. ) ;
#104 = CARTESIAN_POINT ( 'NONE',  ( -7.932127016263496699, 34.45000000000000284, -3.788338368351993779 ) ) ;
#105 = AXIS2_PLACEMENT_3D ( 'NONE', #1343, #2266, #2479 ) ;
#106 = AXIS2_PLACEMENT_3D ( 'NONE', #486, #475, #2771 ) ;
#107 = DIRECTION ( 'NONE',  ( -1.000000000000000000, -0.000000000000000000, -0.000000000000000000 ) ) ;
#108 = AXIS2_PLACEMENT_3D ( 'NONE', #2711, #478, #1764 ) ;
#109 = CYLINDRICAL_SURFACE ( 'NONE', #130, 0.4000000000000004108 ) ;
#110 = FACE_OUTER_BOUND ( 'NONE', #470, .T. ) ;
#111 = VERTEX_POINT ( 'NONE', #269 ) ;
#112 = CARTESIAN_POINT ( 'NONE',  ( -5.562546386749307459, 39.56254638674954549, 4.303956560950416232 ) ) ;
#113 = EDGE_CURVE ( 'NONE', #718, #207, #67, .T. ) ;
#114 = CARTESIAN_POINT ( 'NONE',  ( -7.000000000000000000, 35.20000000000000284, -6.950000000000001066 ) ) ;
#115 = ORIENTED_EDGE ( 'NONE', *, *, #2708, .T. ) ;
#116 = DIRECTION ( 'NONE',  ( 1.000000000000000000, 0.000000000000000000, 0.000000000000000000 ) ) ;
#117 = ADVANCED_FACE ( 'NONE', ( #53 ), #959, .T. ) ;
#118 = ADVANCED_FACE ( 'NONE', ( #506 ), #758, .F. ) ;
#119 = FACE_OUTER_BOUND ( 'NONE', #2212, .T. ) ;
#120 = ORIENTED_EDGE ( 'NONE', *, *, #1008, .F. ) ;
#121 = DIRECTION ( 'NONE',  ( 0.000000000000000000, 0.000000000000000000, 1.000000000000000000 ) ) ;
#122 = DIRECTION ( 'NONE',  ( 0.000000000000000000, 1.000000000000000000, 0.000000000000000000 ) ) ;
#123 = EDGE_LOOP ( 'NONE', ( #1262, #2736, #147, #2086 ) ) ;
#124 = LINE ( 'NONE', #310, #2897 ) ;
#125 = LINE ( 'NONE', #1477, #2096 ) ;
#126 = EDGE_LOOP ( 'NONE', ( #876, #2070, #1809, #1451 ) ) ;
#127 = ORIENTED_EDGE ( 'NONE', *, *, #984, .F. ) ;
#128 = CIRCLE ( 'NONE', #172, 0.8000000000000019318 ) ;
#129 = ADVANCED_FACE ( 'NONE', ( #2123 ), #2106, .F. ) ;
#130 = AXIS2_PLACEMENT_3D ( 'NONE', #1010, #2848, #1713 ) ;
#131 = CARTESIAN_POINT ( 'NONE',  ( -7.000000000000000000, 35.20000000000000284, -4.949999999999998401 ) ) ;
#132 = ORIENTED_EDGE ( 'NONE', *, *, #2935, .T. ) ;
#133 = VECTOR ( 'NONE', #2104, 1000.000000000000000 ) ;
#134 = CARTESIAN_POINT ( 'NONE',  ( 4.283254797250467760, 0.000000000000000000, -0.8050000000000004929 ) ) ;
#135 = ORIENTED_EDGE ( 'NONE', *, *, #373, .T. ) ;
#136 = CARTESIAN_POINT ( 'NONE',  ( 0.000000000000000000, 0.000000000000000000, 0.000000000000000000 ) ) ;
#137 = DIRECTION ( 'NONE',  ( 0.000000000000000000, 0.000000000000000000, 1.000000000000000000 ) ) ;
#138 = EDGE_CURVE ( 'NONE', #530, #2626, #401, .T. ) ;
#139 = LINE ( 'NONE', #1253, #31 ) ;
#140 = VERTEX_POINT ( 'NONE', #970 ) ;
#141 = ORIENTED_EDGE ( 'NONE', *, *, #2849, .F. ) ;
#142 = DIRECTION ( 'NONE',  ( 0.000000000000000000, 0.000000000000000000, -1.000000000000000000 ) ) ;
#143 = CYLINDRICAL_SURFACE ( 'NONE', #2003, 0.4000000000000004108 ) ;
#144 = EDGE_CURVE ( 'NONE', #2680, #541, #348, .T. ) ;
#145 = EDGE_LOOP ( 'NONE', ( #333, #1932 ) ) ;
#146 = CARTESIAN_POINT ( 'NONE',  ( 5.897852201897224589, 38.94892610094855456, 3.644431334305585413 ) ) ;
#147 = ORIENTED_EDGE ( 'NONE', *, *, #440, .F. ) ;
#148 = CONICAL_SURFACE ( 'NONE', #1917, 1.449999999999993072, 0.7853981633974456145 ) ;
#149 = EDGE_CURVE ( 'NONE', #262, #1804, #2065, .T. ) ;
#150 = FACE_OUTER_BOUND ( 'NONE', #1498, .T. ) ;
#151 = DIRECTION ( 'NONE',  ( -1.000000000000000000, -0.000000000000000000, -0.000000000000000000 ) ) ;
#152 = CIRCLE ( 'NONE', #2213, 2.000000000000000000 ) ;
#153 = AXIS2_PLACEMENT_3D ( 'NONE', #1374, #2525, #255 ) ;
#154 = CYLINDRICAL_SURFACE ( 'NONE', #2948, 2.000000000000000000 ) ;
#155 = ORIENTED_EDGE ( 'NONE', *, *, #877, .T. ) ;
#156 = CONICAL_SURFACE ( 'NONE', #1638, 0.3000000000000153100, 0.7853981633974504994 ) ;
#157 = ORIENTED_EDGE ( 'NONE', *, *, #1706, .F. ) ;
#158 = FACE_OUTER_BOUND ( 'NONE', #598, .T. ) ;
#159 = LINE ( 'NONE', #171, #2877 ) ;
#160 = DATE_AND_TIME ( #2883, #1219 ) ;
#161 = ORIENTED_EDGE ( 'NONE', *, *, #2177, .F. ) ;
#162 = CARTESIAN_POINT ( 'NONE',  ( 5.936033301471935530, 38.96801665073598997, 3.518565116405376614 ) ) ;
#163 = PLANE ( 'NONE',  #1195 ) ;
#164 = DIRECTION ( 'NONE',  ( 1.000000000000000000, 0.000000000000000000, 0.000000000000000000 ) ) ;
#165 = ORIENTED_EDGE ( 'NONE', *, *, #2207, .F. ) ;
#166 = ORIENTED_EDGE ( 'NONE', *, *, #1784, .F. ) ;
#167 = DIRECTION ( 'NONE',  ( 0.000000000000000000, 1.000000000000000000, 0.000000000000000000 ) ) ;
#168 = VERTEX_POINT ( 'NONE', #2808 ) ;
#169 = CARTESIAN_POINT ( 'NONE',  ( -7.932127016263494923, 35.95000000000000284, -6.111661631648003024 ) ) ;
#170 = EDGE_CURVE ( 'NONE', #270, #179, #584, .T. ) ;
#171 = CARTESIAN_POINT ( 'NONE',  ( 6.000000000000000888, 38.00000000000000000, -9.999999999999998224 ) ) ;
#172 = AXIS2_PLACEMENT_3D ( 'NONE', #1679, #547, #1939 ) ;
#173 = EDGE_LOOP ( 'NONE', ( #1556, #2717, #456, #2099, #596, #2730, #738, #2516 ) ) ;
#174 = CARTESIAN_POINT ( 'NONE',  ( -8.000000000000000000, 35.95000000000000284, -7.905880620191565455 ) ) ;
#175 = AXIS2_PLACEMENT_3D ( 'NONE', #1182, #969, #1942 ) ;
#176 = EDGE_CURVE ( 'NONE', #1469, #2075, #819, .T. ) ;
#177 = CARTESIAN_POINT ( 'NONE',  ( -4.753386806650143903, 39.50677361330031800, 4.321653511445870066 ) ) ;
#178 = LINE ( 'NONE', #1082, #893 ) ;
#179 = VERTEX_POINT ( 'NONE', #1622 ) ;
#180 = AXIS2_PLACEMENT_3D ( 'NONE', #2813, #2081, #1409 ) ;
#181 = CARTESIAN_POINT ( 'NONE',  ( 7.000000000000000000, 37.81823265331762940, -4.199999999999999289 ) ) ;
#182 = VECTOR ( 'NONE', #2191, 1000.000000000000000 ) ;
#183 = DIRECTION ( 'NONE',  ( -0.000000000000000000, -1.000000000000000000, -0.000000000000000000 ) ) ;
#184 = EDGE_CURVE ( 'NONE', #2867, #1469, #93, .T. ) ;
#185 = ORIENTED_EDGE ( 'NONE', *, *, #2791, .T. ) ;
#186 = ORIENTED_EDGE ( 'NONE', *, *, #2644, .F. ) ;
#187 = DIRECTION ( 'NONE',  ( 0.000000000000000000, -0.000000000000000000, -1.000000000000000000 ) ) ;
#188 = PERSON_AND_ORGANIZATION_ROLE ( 'design_owner' ) ;
#189 = VERTEX_POINT ( 'NONE', #299 ) ;
#190 = CARTESIAN_POINT ( 'NONE',  ( -5.375436372909367932, 39.37543637290912812, 4.500773755157618794 ) ) ;
#191 = DIRECTION ( 'NONE',  ( 0.000000000000000000, 0.000000000000000000, 1.000000000000000000 ) ) ;
#192 = ORIENTED_EDGE ( 'NONE', *, *, #2805, .F. ) ;
#193 = ADVANCED_FACE ( 'NONE', ( #1433 ), #2094, .F. ) ;
#194 = EDGE_CURVE ( 'NONE', #2064, #1439, #724, .T. ) ;
#195 = ORIENTED_EDGE ( 'NONE', *, *, #577, .T. ) ;
#196 = CARTESIAN_POINT ( 'NONE',  ( 0.000000000000000000, 0.000000000000000000, -4.999999999999999112 ) ) ;
#197 = CARTESIAN_POINT ( 'NONE',  ( 5.550191681892663098, 31.90777117286645748, -9.844453409151098455 ) ) ;
#198 = ORIENTED_EDGE ( 'NONE', *, *, #877, .F. ) ;
#199 = DIRECTION ( 'NONE',  ( 0.000000000000000000, 0.000000000000000000, -1.000000000000000000 ) ) ;
#200 = LINE ( 'NONE', #2421, #1407 ) ;
#201 = AXIS2_PLACEMENT_3D ( 'NONE', #2792, #1684, #1168 ) ;
#202 = VECTOR ( 'NONE', #2028, 1000.000000000000000 ) ;
#203 = AXIS2_PLACEMENT_3D ( 'NONE', #1076, #682, #208 ) ;
#204 = DIRECTION ( 'NONE',  ( 0.000000000000000000, 0.000000000000000000, 1.000000000000000000 ) ) ;
#205 = AXIS2_PLACEMENT_3D ( 'NONE', #1948, #1933, #2859 ) ;
#206 = EDGE_CURVE ( 'NONE', #1947, #2337, #2445, .T. ) ;
#207 = VERTEX_POINT ( 'NONE', #920 ) ;
#208 = DIRECTION ( 'NONE',  ( 0.000000000000000000, 0.000000000000000000, -1.000000000000000000 ) ) ;
#209 = CIRCLE ( 'NONE', #1879, 0.8000000000000017097 ) ;
#210 = ORIENTED_EDGE ( 'NONE', *, *, #2486, .T. ) ;
#211 = EDGE_CURVE ( 'NONE', #2764, #409, #2635, .T. ) ;
#212 = EDGE_CURVE ( 'NONE', #1185, #669, #1337, .T. ) ;
#213 = CARTESIAN_POINT ( 'NONE',  ( 3.500000000000000000, 33.20000000000000995, 2.300000000000001599 ) ) ;
#214 = EDGE_LOOP ( 'NONE', ( #2359, #341, #141, #2183, #1125, #1859, #629, #1189 ) ) ;
#215 = CARTESIAN_POINT ( 'NONE',  ( -7.000000000000000000, 34.45000000000000284, -6.804049621773916812 ) ) ;
#216 = ADVANCED_FACE ( 'NONE', ( #908 ), #302, .F. ) ;
#217 = ORIENTED_EDGE ( 'NONE', *, *, #2766, .T. ) ;
#218 = FACE_OUTER_BOUND ( 'NONE', #2297, .T. ) ;
#219 = DIRECTION ( 'NONE',  ( 0.000000000000000000, 0.000000000000000000, 1.000000000000000000 ) ) ;
#220 = CARTESIAN_POINT ( 'NONE',  ( 8.000000000000000000, 36.44096736459908215, -4.199999999999999289 ) ) ;
#221 = VECTOR ( 'NONE', #301, 1000.000000000000000 ) ;
#222 = FACE_OUTER_BOUND ( 'NONE', #2288, .T. ) ;
#223 = EDGE_CURVE ( 'NONE', #140, #2287, #1396, .T. ) ;
#224 = AXIS2_PLACEMENT_3D ( 'NONE', #494, #946, #1408 ) ;
#225 = ORIENTED_EDGE ( 'NONE', *, *, #1132, .F. ) ;
#226 = CARTESIAN_POINT ( 'NONE',  ( -6.000000000000000000, 35.20000000000000284, -6.950000000000001066 ) ) ;
#227 = VERTEX_POINT ( 'NONE', #229 ) ;
#228 = LOCAL_TIME ( 16, 32, 55.00000000000000000, #1242 ) ;
#229 = CARTESIAN_POINT ( 'NONE',  ( -3.999999999999986233, 28.69999999999999574, -5.000000000000000000 ) ) ;
#230 = ORIENTED_EDGE ( 'NONE', *, *, #2704, .F. ) ;
#231 = VECTOR ( 'NONE', #1591, 1000.000000000000000 ) ;
#232 = DIRECTION ( 'NONE',  ( 1.000000000000000000, 0.000000000000000000, -0.000000000000000000 ) ) ;
#233 = CARTESIAN_POINT ( 'NONE',  ( -6.000000000000000000, 33.20000000000000995, 0.5000000000000022204 ) ) ;
#234 = CARTESIAN_POINT ( 'NONE',  ( 6.000000000000000000, 35.20000000000000284, -2.949999999999996181 ) ) ;
#235 = DIRECTION ( 'NONE',  ( 0.7071067811865460184, 8.659560562354952580E-17, 0.7071067811865490160 ) ) ;
#236 = VERTEX_POINT ( 'NONE', #46 ) ;
#237 = CARTESIAN_POINT ( 'NONE',  ( -6.000000000000000000, 37.20000000000000284, 1.500000000000000000 ) ) ;
#238 = ORIENTED_EDGE ( 'NONE', *, *, #2550, .F. ) ;
#239 = ORIENTED_EDGE ( 'NONE', *, *, #2489, .F. ) ;
#240 = DIRECTION ( 'NONE',  ( 0.000000000000000000, -1.000000000000000000, -1.656387824988252509E-16 ) ) ;
#241 = ORIENTED_EDGE ( 'NONE', *, *, #113, .F. ) ;
#242 = EDGE_LOOP ( 'NONE', ( #1773, #686, #2018, #2383 ) ) ;
#243 = ADVANCED_FACE ( 'NONE', ( #2502 ), #2722, .T. ) ;
#244 = DIRECTION ( 'NONE',  ( 0.000000000000000000, -1.000000000000000000, 0.000000000000000000 ) ) ;
#245 = AXIS2_PLACEMENT_3D ( 'NONE', #940, #2518, #1842 ) ;
#246 = PLANE ( 'NONE',  #1636 ) ;
#247 = EDGE_CURVE ( 'NONE', #1462, #2037, #2263, .T. ) ;
#248 = CARTESIAN_POINT ( 'NONE',  ( -7.000000000000000000, 35.95000000000000284, -7.905880620191565455 ) ) ;
#249 = LINE ( 'NONE', #1907, #382 ) ;
#250 = VERTEX_POINT ( 'NONE', #215 ) ;
#251 = CARTESIAN_POINT ( 'NONE',  ( 8.000000000000000000, 35.20000000000000284, -4.949999999999998401 ) ) ;
#252 = AXIS2_PLACEMENT_3D ( 'NONE', #1484, #393, #2405 ) ;
#253 = AXIS2_PLACEMENT_3D ( 'NONE', #2067, #13, #2767 ) ;
#254 = DIRECTION ( 'NONE',  ( 1.000000000000000000, 0.000000000000000000, 0.000000000000000000 ) ) ;
#255 = DIRECTION ( 'NONE',  ( 0.000000000000000000, 0.000000000000000000, 1.000000000000000000 ) ) ;
#256 = CONICAL_SURFACE ( 'NONE', #633, 0.9999999999999978906, 0.7853981633974507215 ) ;
#257 = VERTEX_POINT ( 'NONE', #1580 ) ;
#258 = ORIENTED_EDGE ( 'NONE', *, *, #1576, .F. ) ;
#259 = CARTESIAN_POINT ( 'NONE',  ( 7.865208532137240915, 36.28151066517155954, -5.699999999999999289 ) ) ;
#260 = ORIENTED_EDGE ( 'NONE', *, *, #2080, .F. ) ;
#261 = ORIENTED_EDGE ( 'NONE', *, *, #2147, .F. ) ;
#262 = VERTEX_POINT ( 'NONE', #459 ) ;
#263 = ADVANCED_FACE ( 'NONE', ( #2052 ), #148, .F. ) ;
#264 = DIRECTION ( 'NONE',  ( 0.000000000000000000, -1.000000000000000000, 0.000000000000000000 ) ) ;
#265 = CARTESIAN_POINT ( 'NONE',  ( -7.800000000000006928, 35.20000000000000284, -4.949999999999998401 ) ) ;
#266 = LINE ( 'NONE', #676, #2515 ) ;
#267 = LINE ( 'NONE', #2122, #2142 ) ;
#268 = CARTESIAN_POINT ( 'NONE',  ( 7.000000000000000000, 0.000000000000000000, 0.000000000000000000 ) ) ;
#269 = CARTESIAN_POINT ( 'NONE',  ( 3.999999999999986233, 30.69999999999999929, 5.000000000000000000 ) ) ;
#270 = VERTEX_POINT ( 'NONE', #278 ) ;
#271 = CARTESIAN_POINT ( 'NONE',  ( -8.000000000000000000, 35.95000000000000284, -3.095950378226080879 ) ) ;
#272 = EDGE_CURVE ( 'NONE', #704, #2858, #950, .T. ) ;
#273 = CARTESIAN_POINT ( 'NONE',  ( 8.000000000000000000, 37.05404962177392036, -5.700000000000000178 ) ) ;
#274 = AXIS2_PLACEMENT_3D ( 'NONE', #754, #531, #708 ) ;
#275 = AXIS2_PLACEMENT_3D ( 'NONE', #1258, #116, #1524 ) ;
#276 = EDGE_LOOP ( 'NONE', ( #1496, #1883, #1158, #1105 ) ) ;
#277 = ADVANCED_FACE ( 'NONE', ( #2528 ), #2749, .F. ) ;
#278 = CARTESIAN_POINT ( 'NONE',  ( -7.000000000000000000, 34.45000000000000284, -3.949999999999998845 ) ) ;
#279 = ORIENTED_EDGE ( 'NONE', *, *, #2420, .F. ) ;
#280 = ORIENTED_EDGE ( 'NONE', *, *, #2259, .T. ) ;
#281 = VECTOR ( 'NONE', #90, 1000.000000000000000 ) ;
#282 = APPROVAL_PERSON_ORGANIZATION ( #2466, #2358, #1575 ) ;
#283 = CARTESIAN_POINT ( 'NONE',  ( 7.799999999999998046, 34.20000000000000284, -4.199999999999999289 ) ) ;
#284 = EDGE_CURVE ( 'NONE', #262, #2567, #2945, .T. ) ;
#285 = CIRCLE ( 'NONE', #2331, 0.4000000000000004663 ) ;
#286 = DIRECTION ( 'NONE',  ( -1.000000000000000000, -0.000000000000000000, -0.000000000000000000 ) ) ;
#287 = CARTESIAN_POINT ( 'NONE',  ( 6.000000000000000000, 33.20000000000000995, 0.5000000000000061062 ) ) ;
#288 = DIRECTION ( 'NONE',  ( 0.000000000000000000, -1.000000000000000000, 0.000000000000000000 ) ) ;
#289 = ORIENTED_EDGE ( 'NONE', *, *, #1860, .F. ) ;
#290 = CARTESIAN_POINT ( 'NONE',  ( 0.000000000000000000, 30.69999999999999929, 0.000000000000000000 ) ) ;
#291 = EDGE_LOOP ( 'NONE', ( #2648, #1509, #2447, #906 ) ) ;
#292 = CARTESIAN_POINT ( 'NONE',  ( 7.799999999999998046, 35.20000000000000284, -4.949999999999998401 ) ) ;
#293 = ORIENTED_EDGE ( 'NONE', *, *, #1663, .T. ) ;
#294 = CARTESIAN_POINT ( 'NONE',  ( 7.865208532137200947, 36.28151066517158796, -4.199999999999999289 ) ) ;
#295 = B_SPLINE_CURVE_WITH_KNOTS ( 'NONE', 3,
 ( #525, #2811, #2581, #2373 ),
 .UNSPECIFIED., .F., .F.,
 ( 4, 4 ),
 ( 0.000000000000000000, 0.0003131537494615424023 ),
 .UNSPECIFIED. ) ;
#296 = ORIENTED_EDGE ( 'NONE', *, *, #424, .F. ) ;
#297 = DIRECTION ( 'NONE',  ( -0.7071067811865457964, 0.000000000000000000, 0.7071067811865492381 ) ) ;
#298 = CARTESIAN_POINT ( 'NONE',  ( 8.000000000000000000, 35.20000000000000284, -4.949999999999998401 ) ) ;
#299 = CARTESIAN_POINT ( 'NONE',  ( -6.000000000000000000, 37.20000000000000284, 2.499999999999996891 ) ) ;
#300 = EDGE_LOOP ( 'NONE', ( #992, #1360, #1837, #1730, #592, #848 ) ) ;
#301 = DIRECTION ( 'NONE',  ( -0.000000000000000000, 1.000000000000000000, -0.000000000000000000 ) ) ;
#302 = CONICAL_SURFACE ( 'NONE', #2349, 0.8000000000000017097, 0.7853981633974469467 ) ;
#303 = CARTESIAN_POINT ( 'NONE',  ( 4.283254797250467760, -15.00000000000000000, -1.215000000000000080 ) ) ;
#304 = VECTOR ( 'NONE', #635, 1000.000000000000000 ) ;
#305 = CIRCLE ( 'NONE', #1683, 2.000000000000002665 ) ;
#306 = DIRECTION ( 'NONE',  ( 1.000000000000000000, -0.000000000000000000, -0.000000000000000000 ) ) ;
#307 = AXIS2_PLACEMENT_3D ( 'NONE', #1927, #995, #2330 ) ;
#308 = ORIENTED_EDGE ( 'NONE', *, *, #800, .T. ) ;
#309 = EDGE_CURVE ( 'NONE', #1899, #2152, #468, .T. ) ;
#310 = CARTESIAN_POINT ( 'NONE',  ( 8.000000000000000000, 33.34595037822607821, -4.199999999999999289 ) ) ;
#311 = DIRECTION ( 'NONE',  ( 0.000000000000000000, 0.000000000000000000, -1.000000000000000000 ) ) ;
#312 = DIRECTION ( 'NONE',  ( 0.000000000000000000, 1.000000000000000000, 0.000000000000000000 ) ) ;
#313 = DIRECTION ( 'NONE',  ( 1.000000000000000000, 0.000000000000000000, 0.000000000000000000 ) ) ;
#314 = EDGE_CURVE ( 'NONE', #1093, #2246, #2351, .T. ) ;
#315 = CARTESIAN_POINT ( 'NONE',  ( 4.283254797250467760, -15.00000000000000000, -0.4050000000000000266 ) ) ;
#316 = EDGE_LOOP ( 'NONE', ( #1272, #210, #2461, #1984 ) ) ;
#317 = AXIS2_PLACEMENT_3D ( 'NONE', #1945, #2882, #2627 ) ;
#318 = CARTESIAN_POINT ( 'NONE',  ( -7.000000000000000000, 34.45000000000000284, -5.949999999999998401 ) ) ;
#319 = CARTESIAN_POINT ( 'NONE',  ( -6.000000000000000000, 33.20000000000000995, 1.500000000000000000 ) ) ;
#320 = CIRCLE ( 'NONE', #325, 1.000000000000000000 ) ;
#321 = CARTESIAN_POINT ( 'NONE',  ( 3.500000000000000000, 37.20000000000000284, 1.500000000000000000 ) ) ;
#322 = DIRECTION ( 'NONE',  ( 0.000000000000000000, 0.000000000000000000, -1.000000000000000000 ) ) ;
#323 = VECTOR ( 'NONE', #779, 1000.000000000000000 ) ;
#324 = CARTESIAN_POINT ( 'NONE',  ( 5.000000000000000000, 39.00000000000000000, 3.000000000000000000 ) ) ;
#325 = AXIS2_PLACEMENT_3D ( 'NONE', #1720, #438, #1497 ) ;
#326 = EDGE_CURVE ( 'NONE', #1099, #189, #1050, .T. ) ;
#327 = DIRECTION ( 'NONE',  ( 1.000000000000000000, -0.000000000000000000, -0.000000000000000000 ) ) ;
#328 = CARTESIAN_POINT ( 'NONE',  ( 4.283254797250467760, -15.00000000000000000, -1.215000000000000080 ) ) ;
#329 = ORIENTED_EDGE ( 'NONE', *, *, #2267, .T. ) ;
#330 = CARTESIAN_POINT ( 'NONE',  ( 4.283254797250467760, 0.000000000000000000, -0.4050000000000000266 ) ) ;
#331 = DIRECTION ( 'NONE',  ( 0.000000000000000000, 0.000000000000000000, 1.000000000000000000 ) ) ;
#332 = APPROVAL ( #1699, '未' ) ;
#333 = ORIENTED_EDGE ( 'NONE', *, *, #1233, .T. ) ;
#334 = FACE_OUTER_BOUND ( 'NONE', #1238, .T. ) ;
#335 = EDGE_CURVE ( 'NONE', #409, #1737, #1858, .T. ) ;
#336 = LINE ( 'NONE', #2833, #1411 ) ;
#337 = EDGE_CURVE ( 'NONE', #569, #511, #935, .T. ) ;
#338 = CARTESIAN_POINT ( 'NONE',  ( 6.000000000000000000, 35.20000000000000284, -6.950000000000001066 ) ) ;
#339 = ORIENTED_EDGE ( 'NONE', *, *, #1476, .T. ) ;
#340 = CARTESIAN_POINT ( 'NONE',  ( 4.283254797250467760, -15.00000000000000000, -0.4050000000000000266 ) ) ;
#341 = ORIENTED_EDGE ( 'NONE', *, *, #35, .F. ) ;
#342 = VECTOR ( 'NONE', #1434, 1000.000000000000000 ) ;
#343 = DIRECTION ( 'NONE',  ( 0.000000000000000000, 0.000000000000000000, -1.000000000000000000 ) ) ;
#344 = DATE_TIME_ROLE ( 'classification_date' ) ;
#345 = DIRECTION ( 'NONE',  ( 0.000000000000000000, 0.000000000000000000, -1.000000000000000000 ) ) ;
#346 = ORIENTED_EDGE ( 'NONE', *, *, #945, .F. ) ;
#347 = CYLINDRICAL_SURFACE ( 'NONE', #492, 2.000000000000000000 ) ;
#348 = CIRCLE ( 'NONE', #537, 1.000000000000000000 ) ;
#349 = AXIS2_PLACEMENT_3D ( 'NONE', #607, #594, #1514 ) ;
#350 = ORIENTED_EDGE ( 'NONE', *, *, #948, .T. ) ;
#351 = VECTOR ( 'NONE', #232, 1000.000000000000000 ) ;
#352 = PLANE ( 'NONE',  #2281 ) ;
#353 = FACE_OUTER_BOUND ( 'NONE', #1393, .T. ) ;
#354 = CIRCLE ( 'NONE', #1003, 1.250000000000000222 ) ;
#355 = ADVANCED_FACE ( 'NONE', ( #762 ), #347, .T. ) ;
#356 = FACE_OUTER_BOUND ( 'NONE', #173, .T. ) ;
#357 = DIRECTION ( 'NONE',  ( -0.000000000000000000, -1.000000000000000000, -0.000000000000000000 ) ) ;
#358 = CARTESIAN_POINT ( 'NONE',  ( -5.878314877086215695, 39.87831487708630362, 3.747633989954576084 ) ) ;
#359 = EDGE_LOOP ( 'NONE', ( #1375, #586, #2866, #878 ) ) ;
#360 = DIRECTION ( 'NONE',  ( 0.000000000000000000, -1.000000000000000000, 0.000000000000000000 ) ) ;
#361 = DIRECTION ( 'NONE',  ( 0.000000000000000000, 0.000000000000000000, 1.000000000000000000 ) ) ;
#362 = ORIENTED_EDGE ( 'NONE', *, *, #1959, .T. ) ;
#363 = EDGE_CURVE ( 'NONE', #1884, #40, #1194, .T. ) ;
#364 = EDGE_LOOP ( 'NONE', ( #2530, #874 ) ) ;
#365 = CARTESIAN_POINT ( 'NONE',  ( 4.283254797250467760, -15.00000000000000000, -1.215000000000000080 ) ) ;
#366 = LINE ( 'NONE', #1006, #323 ) ;
#367 = AXIS2_PLACEMENT_3D ( 'NONE', #916, #1833, #2744 ) ;
#368 = LINE ( 'NONE', #601, #182 ) ;
#369 = AXIS2_PLACEMENT_3D ( 'NONE', #1301, #2854, #593 ) ;
#370 = FACE_OUTER_BOUND ( 'NONE', #581, .T. ) ;
#371 = ORIENTED_EDGE ( 'NONE', *, *, #20, .F. ) ;
#372 = CC_DESIGN_DATE_AND_TIME_ASSIGNMENT ( #973, #344, ( #2712 ) ) ;
#373 = EDGE_CURVE ( 'NONE', #40, #2152, #2731, .T. ) ;
#374 = VERTEX_POINT ( 'NONE', #1900 ) ;
#375 = CC_DESIGN_APPROVAL ( #2358, ( #2491 ) ) ;
#376 = APPLICATION_CONTEXT ( 'configuration controlled 3d designs of mechanical parts and assemblies' ) ;
#377 = DIRECTION ( 'NONE',  ( 0.000000000000000000, -0.000000000000000000, -1.000000000000000000 ) ) ;
#378 = CARTESIAN_POINT ( 'NONE',  ( 4.000000000000000000, 38.00000000000000000, 5.000000000000000000 ) ) ;
#379 = CONICAL_SURFACE ( 'NONE', #1027, 0.9999999999999970024, 0.7853981633974499443 ) ;
#380 = ORIENTED_EDGE ( 'NONE', *, *, #2318, .T. ) ;
#381 = CARTESIAN_POINT ( 'NONE',  ( 4.867831594392598049, 39.73566318878516057, 4.002301362163428244 ) ) ;
#382 = VECTOR ( 'NONE', #533, 1000.000000000000000 ) ;
#383 = CARTESIAN_POINT ( 'NONE',  ( -4.000000000000008882, 37.20000000000000284, 1.500000000000000000 ) ) ;
#384 =( BOUNDED_CURVE ( )  B_SPLINE_CURVE ( 3, ( #1368, #2505, #2311, #956 ),
 .UNSPECIFIED., .F., .F. ) 
 B_SPLINE_CURVE_WITH_KNOTS ( ( 4, 4 ),
 ( 4.712388980384689674, 6.283185307179586232 ),
 .UNSPECIFIED. ) 
 CURVE ( )  GEOMETRIC_REPRESENTATION_ITEM ( )  RATIONAL_B_SPLINE_CURVE ( ( 1.000000000000000000, 0.8047378541243649375, 0.8047378541243649375, 1.000000000000000000 ) ) 
 REPRESENTATION_ITEM ( '' )  );
#385 = ORIENTED_EDGE ( 'NONE', *, *, #405, .F. ) ;
#386 = CARTESIAN_POINT ( 'NONE',  ( -8.000000000000000000, 35.20000000000000284, -2.949999999999996181 ) ) ;
#387 = DIRECTION ( 'NONE',  ( 0.000000000000000000, 1.000000000000000000, 0.000000000000000000 ) ) ;
#388 = CARTESIAN_POINT ( 'NONE',  ( -0.000000000000000000, 30.69999999999999929, -7.999999999999998224 ) ) ;
#389 = ORIENTED_EDGE ( 'NONE', *, *, #1072, .F. ) ;
#390 = EDGE_CURVE ( 'NONE', #1159, #2594, #2595, .T. ) ;
#391 = ORIENTED_EDGE ( 'NONE', *, *, #284, .F. ) ;
#392 = CARTESIAN_POINT ( 'NONE',  ( -5.800000000000006040, 37.20000000000000284, 2.300000000000001599 ) ) ;
#393 = DIRECTION ( 'NONE',  ( -1.000000000000000000, -0.000000000000000000, -0.000000000000000000 ) ) ;
#394 = PERSON_AND_ORGANIZATION_ROLE ( 'creator' ) ;
#395 = CARTESIAN_POINT ( 'NONE',  ( -7.000000000000000000, 35.20000000000000284, -6.199999999999999289 ) ) ;
#396 = ORIENTED_EDGE ( 'NONE', *, *, #1443, .F. ) ;
#397 = CARTESIAN_POINT ( 'NONE',  ( 5.878314877086252999, 39.87831487708628231, 3.747633989954594735 ) ) ;
#398 = ORIENTED_EDGE ( 'NONE', *, *, #2015, .F. ) ;
#399 = LINE ( 'NONE', #1224, #2184 ) ;
#400 = CARTESIAN_POINT ( 'NONE',  ( 4.283254797250468648, 0.000000000000000000, 0.004999999999999579434 ) ) ;
#401 = CIRCLE ( 'NONE', #1240, 2.000000000000000444 ) ;
#402 = CARTESIAN_POINT ( 'NONE',  ( 0.000000000000000000, 30.69999999999999929, 0.000000000000000000 ) ) ;
#403 = DIRECTION ( 'NONE',  ( -1.000000000000000000, -0.000000000000000000, -0.000000000000000000 ) ) ;
#404 = CIRCLE ( 'NONE', #2449, 1.450000000000000844 ) ;
#405 = EDGE_CURVE ( 'NONE', #669, #1185, #729, .T. ) ;
#406 = AXIS2_PLACEMENT_3D ( 'NONE', #526, #1624, #70 ) ;
#407 = ORIENTED_EDGE ( 'NONE', *, *, #829, .T. ) ;
#408 = CONICAL_SURFACE ( 'NONE', #2735, 0.9999999999999970024, 0.7853981633974499443 ) ;
#409 = VERTEX_POINT ( 'NONE', #2560 ) ;
#410 = ORIENTED_EDGE ( 'NONE', *, *, #2241, .F. ) ;
#411 = CARTESIAN_POINT ( 'NONE',  ( 4.397438642464956970, 38.39743864246526073, 4.973792812576496303 ) ) ;
#412 = CARTESIAN_POINT ( 'NONE',  ( -5.007237938993442938, 38.50361896949656426, 4.747572785716979382 ) ) ;
#413 = ADVANCED_FACE ( 'NONE', ( #789 ), #554, .F. ) ;
#414 = MANIFOLD_SOLID_BREP ( '\X2\51f853f0\X0\-\X2\62c94f38\X0\6', #2204 ) ;
#415 = CARTESIAN_POINT ( 'NONE',  ( 5.800000000000010481, 37.20000000000000284, 1.500000000000000000 ) ) ;
#416 = ORIENTED_EDGE ( 'NONE', *, *, #2644, .T. ) ;
#417 = CARTESIAN_POINT ( 'NONE',  ( 8.000000000000000000, 33.95903263540091643, -4.200000000000000178 ) ) ;
#418 = B_SPLINE_CURVE_WITH_KNOTS ( 'NONE', 3,
 ( #2873, #820, #169, #1815 ),
 .UNSPECIFIED., .F., .F.,
 ( 4, 4 ),
 ( 0.000000000000000000, 0.0003131537494615419144 ),
 .UNSPECIFIED. ) ;
#419 = ORIENTED_EDGE ( 'NONE', *, *, #2863, .F. ) ;
#420 = LINE ( 'NONE', #2238, #1708 ) ;
#421 = VECTOR ( 'NONE', #1521, 1000.000000000000000 ) ;
#422 = ORIENTED_EDGE ( 'NONE', *, *, #1649, .F. ) ;
#423 = CARTESIAN_POINT ( 'NONE',  ( 4.898832964073958962, 39.79766592814794990, 3.886302395154712208 ) ) ;
#424 = EDGE_CURVE ( 'NONE', #12, #1047, #2112, .T. ) ;
#425 = ADVANCED_FACE ( 'NONE', ( #1229 ), #775, .F. ) ;
#426 = AXIS2_PLACEMENT_3D ( 'NONE', #1749, #615, #2155 ) ;
#427 = CARTESIAN_POINT ( 'NONE',  ( 6.999999999999999112, 34.20000000000000284, -4.199999999999999289 ) ) ;
#428 = CARTESIAN_POINT ( 'NONE',  ( -4.000000000000008882, 33.20000000000000995, 0.6999999999999985123 ) ) ;
#429 = ORIENTED_EDGE ( 'NONE', *, *, #2677, .T. ) ;
#430 = AXIS2_PLACEMENT_3D ( 'NONE', #2934, #2855, #816 ) ;
#431 = FACE_OUTER_BOUND ( 'NONE', #694, .T. ) ;
#432 = CIRCLE ( 'NONE', #559, 2.000000000000002665 ) ;
#433 = ORIENTED_EDGE ( 'NONE', *, *, #1130, .F. ) ;
#434 = ADVANCED_FACE ( 'NONE', ( #1425 ), #61, .T. ) ;
#435 = CARTESIAN_POINT ( 'NONE',  ( 6.000000000000000000, 28.69999999999999574, 3.000000000000000000 ) ) ;
#436 = CARTESIAN_POINT ( 'NONE',  ( 6.000000000000000888, 30.96794919243112076, -8.999999999999998224 ) ) ;
#437 = EDGE_LOOP ( 'NONE', ( #217, #645, #1134, #502, #1348 ) ) ;
#438 = DIRECTION ( 'NONE',  ( -1.000000000000000000, 0.000000000000000000, 0.000000000000000000 ) ) ;
#439 = EDGE_CURVE ( 'NONE', #1899, #569, #1244, .T. ) ;
#440 = EDGE_CURVE ( 'NONE', #2337, #2218, #542, .T. ) ;
#441 = ORIENTED_EDGE ( 'NONE', *, *, #859, .F. ) ;
#442 = COORDINATED_UNIVERSAL_TIME_OFFSET ( 8, 0, .AHEAD. ) ;
#443 = EDGE_LOOP ( 'NONE', ( #1974, #2467, #47, #1 ) ) ;
#444 = DIRECTION ( 'NONE',  ( 0.000000000000000000, 0.000000000000000000, -1.000000000000000000 ) ) ;
#445 = VERTEX_POINT ( 'NONE', #1662 ) ;
#446 = CARTESIAN_POINT ( 'NONE',  ( -8.000000000000000000, 35.20000000000000284, -4.949999999999998401 ) ) ;
#447 = DIRECTION ( 'NONE',  ( -0.7071067811865489050, 8.659560562354916834E-17, -0.7071067811865462405 ) ) ;
#448 = EDGE_CURVE ( 'NONE', #2082, #270, #529, .T. ) ;
#449 = VECTOR ( 'NONE', #1918, 1000.000000000000000 ) ;
#450 = VECTOR ( 'NONE', #1645, 1000.000000000000000 ) ;
#451 = FACE_OUTER_BOUND ( 'NONE', #1306, .T. ) ;
#452 = CIRCLE ( 'NONE', #2586, 0.8000000000000017097 ) ;
#453 = DIRECTION ( 'NONE',  ( -1.000000000000000000, -0.000000000000000000, -0.000000000000000000 ) ) ;
#454 = CARTESIAN_POINT ( 'NONE',  ( -3.500000000000000000, 37.20000000000000284, 1.200000000000005507 ) ) ;
#455 = CARTESIAN_POINT ( 'NONE',  ( 7.799999999999998046, 35.20000000000000284, -4.949999999999998401 ) ) ;
#456 = ORIENTED_EDGE ( 'NONE', *, *, #1637, .T. ) ;
#457 = DIRECTION ( 'NONE',  ( -1.000000000000000000, -0.000000000000000000, 0.000000000000000000 ) ) ;
#458 = EDGE_LOOP ( 'NONE', ( #1041, #484, #2796, #433 ) ) ;
#459 = CARTESIAN_POINT ( 'NONE',  ( 4.283254797250468648, -15.00000000000000000, 0.8050000000000004929 ) ) ;
#460 = ORIENTED_EDGE ( 'NONE', *, *, #2950, .T. ) ;
#461 = DIRECTION ( 'NONE',  ( -0.000000000000000000, -1.000000000000000000, -0.000000000000000000 ) ) ;
#462 = DIRECTION ( 'NONE',  ( -0.000000000000000000, 1.000000000000000000, -0.000000000000000000 ) ) ;
#463 = DIRECTION ( 'NONE',  ( 0.000000000000000000, 0.000000000000000000, -1.000000000000000000 ) ) ;
#464 = CARTESIAN_POINT ( 'NONE',  ( 0.000000000000000000, 28.69999999999999574, 0.000000000000000000 ) ) ;
#465 = VERTEX_POINT ( 'NONE', #2141 ) ;
#466 = DIRECTION ( 'NONE',  ( 1.000000000000000000, 0.000000000000000000, 0.000000000000000000 ) ) ;
#467 = ORIENTED_EDGE ( 'NONE', *, *, #1475, .F. ) ;
#468 = LINE ( 'NONE', #1139, #1339 ) ;
#469 = ADVANCED_FACE ( 'NONE', ( #2390 ), #2129, .T. ) ;
#470 = EDGE_LOOP ( 'NONE', ( #132, #2293, #1237, #2824 ) ) ;
#471 = ORIENTED_EDGE ( 'NONE', *, *, #2090, .F. ) ;
#472 = FACE_OUTER_BOUND ( 'NONE', #1779, .T. ) ;
#473 = VECTOR ( 'NONE', #1621, 1000.000000000000000 ) ;
#474 = CIRCLE ( 'NONE', #2759, 2.000000000000002665 ) ;
#475 = DIRECTION ( 'NONE',  ( 0.000000000000000000, 1.000000000000000000, 0.000000000000000000 ) ) ;
#476 = FACE_OUTER_BOUND ( 'NONE', #126, .T. ) ;
#477 = EDGE_LOOP ( 'NONE', ( #1690, #637, #2561 ) ) ;
#478 = DIRECTION ( 'NONE',  ( 0.000000000000000000, -1.656387824988252755E-16, 1.000000000000000000 ) ) ;
#479 = DIRECTION ( 'NONE',  ( -0.000000000000000000, 1.000000000000000000, 0.000000000000000000 ) ) ;
#480 = EDGE_LOOP ( 'NONE', ( #631, #2514, #2030, #2011 ) ) ;
#481 = CARTESIAN_POINT ( 'NONE',  ( -5.228032856493240565, 32.37754025549637760, -9.980508307998624318 ) ) ;
#482 = ORIENTED_EDGE ( 'NONE', *, *, #791, .F. ) ;
#483 = VERTEX_POINT ( 'NONE', #977 ) ;
#484 = ORIENTED_EDGE ( 'NONE', *, *, #2598, .F. ) ;
#485 = EDGE_LOOP ( 'NONE', ( #2706, #280, #380, #1277 ) ) ;
#486 = CARTESIAN_POINT ( 'NONE',  ( -7.000000000000000000, 35.95000000000000284, -7.905880620191565455 ) ) ;
#487 = ADVANCED_FACE ( 'NONE', ( #2815 ), #1691, .T. ) ;
#488 = FACE_OUTER_BOUND ( 'NONE', #1669, .T. ) ;
#489 = CIRCLE ( 'NONE', #1631, 1.250000000000000222 ) ;
#490 = EDGE_CURVE ( 'NONE', #888, #1088, #1543, .T. ) ;
#491 = CARTESIAN_POINT ( 'NONE',  ( 0.000000000000000000, 38.00000000000000000, -7.999999999999998224 ) ) ;
#492 = AXIS2_PLACEMENT_3D ( 'NONE', #1412, #2575, #2169 ) ;
#493 = CARTESIAN_POINT ( 'NONE',  ( -6.000000000000000000, 33.20000000000000995, 1.500000000000000000 ) ) ;
#494 = CARTESIAN_POINT ( 'NONE',  ( 6.000000000000000000, 33.20000000000000995, 1.500000000000000000 ) ) ;
#495 = EDGE_CURVE ( 'NONE', #257, #168, #62, .T. ) ;
#496 = VECTOR ( 'NONE', #1282, 1000.000000000000000 ) ;
#497 = ORIENTED_EDGE ( 'NONE', *, *, #337, .T. ) ;
#498 = ORIENTED_EDGE ( 'NONE', *, *, #769, .T. ) ;
#499 = CARTESIAN_POINT ( 'NONE',  ( -8.000000000000000000, 35.20000000000000284, -4.949999999999998401 ) ) ;
#500 = CC_DESIGN_PERSON_AND_ORGANIZATION_ASSIGNMENT ( #844, #71, ( #2712 ) ) ;
#501 = ADVANCED_FACE ( 'NONE', ( #2007 ), #2910, .T. ) ;
#502 = ORIENTED_EDGE ( 'NONE', *, *, #2915, .F. ) ;
#503 = DIRECTION ( 'NONE',  ( 0.000000000000000000, -1.000000000000000000, 0.000000000000000000 ) ) ;
#504 = DIRECTION ( 'NONE',  ( 0.000000000000000000, 0.000000000000000000, -1.000000000000000000 ) ) ;
#505 = DIRECTION ( 'NONE',  ( 0.000000000000000000, 0.000000000000000000, -1.000000000000000000 ) ) ;
#506 = FACE_OUTER_BOUND ( 'NONE', #2746, .T. ) ;
#507 = CARTESIAN_POINT ( 'NONE',  ( 4.283254797250467760, -15.00000000000000000, -0.4050000000000000266 ) ) ;
#508 = CARTESIAN_POINT ( 'NONE',  ( -6.000000000000000000, 28.69999999999999574, -2.999999999999985789 ) ) ;
#509 = CARTESIAN_POINT ( 'NONE',  ( -3.999999999999986233, 28.69999999999999574, 5.000000000000000000 ) ) ;
#510 = AXIS2_PLACEMENT_3D ( 'NONE', #2165, #801, #624 ) ;
#511 = VERTEX_POINT ( 'NONE', #705 ) ;
#512 = FACE_OUTER_BOUND ( 'NONE', #480, .T. ) ;
#513 = EDGE_CURVE ( 'NONE', #2614, #2218, #1146, .T. ) ;
#514 = ORIENTED_EDGE ( 'NONE', *, *, #2240, .T. ) ;
#515 = CARTESIAN_POINT ( 'NONE',  ( 8.000000000000000000, 36.44096736459908215, -4.199999999999999289 ) ) ;
#516 = ORIENTED_EDGE ( 'NONE', *, *, #951, .F. ) ;
#517 = AXIS2_PLACEMENT_3D ( 'NONE', #2604, #2836, #1463 ) ;
#518 = DIRECTION ( 'NONE',  ( 0.000000000000000000, 0.000000000000000000, -1.000000000000000000 ) ) ;
#519 = MECHANICAL_CONTEXT ( 'NONE', #732, 'mechanical' ) ;
#520 = AXIS2_PLACEMENT_3D ( 'NONE', #1937, #600, #1267 ) ;
#521 = DIRECTION ( 'NONE',  ( 0.000000000000000000, 1.000000000000000000, -0.000000000000000000 ) ) ;
#522 = EDGE_CURVE ( 'NONE', #2218, #2680, #1617, .T. ) ;
#523 = CARTESIAN_POINT ( 'NONE',  ( 4.000000000000000000, 30.69999999999999929, -3.000000000000000444 ) ) ;
#524 = DIRECTION ( 'NONE',  ( 0.000000000000000000, 0.000000000000000000, -1.000000000000000000 ) ) ;
#525 = CARTESIAN_POINT ( 'NONE',  ( -8.000000000000000000, 35.95000000000000284, -3.709032635400921318 ) ) ;
#526 = CARTESIAN_POINT ( 'NONE',  ( 5.000000000000000000, 38.00000000000000000, -8.999999999999998224 ) ) ;
#527 = EDGE_CURVE ( 'NONE', #445, #1825, #152, .T. ) ;
#528 = ORIENTED_EDGE ( 'NONE', *, *, #1795, .T. ) ;
#529 = LINE ( 'NONE', #2348, #1878 ) ;
#530 = VERTEX_POINT ( 'NONE', #900 ) ;
#531 = DIRECTION ( 'NONE',  ( 0.000000000000000000, -1.000000000000000000, 0.000000000000000000 ) ) ;
#532 = CARTESIAN_POINT ( 'NONE',  ( -5.999999999999998224, 30.69999999999999929, -3.000000000000000000 ) ) ;
#533 = DIRECTION ( 'NONE',  ( -0.000000000000000000, 1.000000000000000000, -0.000000000000000000 ) ) ;
#534 = CARTESIAN_POINT ( 'NONE',  ( -8.000000000000000000, 35.20000000000000284, -6.950000000000001066 ) ) ;
#535 = FACE_OUTER_BOUND ( 'NONE', #2401, .T. ) ;
#536 = DIRECTION ( 'NONE',  ( -1.000000000000000000, 0.000000000000000000, 0.000000000000000000 ) ) ;
#537 = AXIS2_PLACEMENT_3D ( 'NONE', #324, #1880, #1655 ) ;
#538 = DIRECTION ( 'NONE',  ( -1.000000000000000000, -0.000000000000000000, -0.000000000000000000 ) ) ;
#539 = AXIS2_PLACEMENT_3D ( 'NONE', #1246, #1187, #1452 ) ;
#540 = AXIS2_PLACEMENT_3D ( 'NONE', #1808, #2720, #2678 ) ;
#541 = VERTEX_POINT ( 'NONE', #1538 ) ;
#542 = LINE ( 'NONE', #805, #2118 ) ;
#543 = AXIS2_PLACEMENT_3D ( 'NONE', #319, #1179, #741 ) ;
#544 = ORIENTED_EDGE ( 'NONE', *, *, #1472, .T. ) ;
#545 = CYLINDRICAL_SURFACE ( 'NONE', #1831, 2.000000000000000000 ) ;
#546 = DIRECTION ( 'NONE',  ( 1.000000000000000000, 0.000000000000000000, 0.000000000000000000 ) ) ;
#547 = DIRECTION ( 'NONE',  ( 1.000000000000000000, 0.000000000000000000, 0.000000000000000000 ) ) ;
#548 = LINE ( 'NONE', #1181, #133 ) ;
#549 = DIRECTION ( 'NONE',  ( 0.000000000000000000, 0.000000000000000000, 1.000000000000000000 ) ) ;
#550 = DIRECTION ( 'NONE',  ( -0.000000000000000000, -1.000000000000000000, -0.000000000000000000 ) ) ;
#551 = PERSON_AND_ORGANIZATION ( #1811, #1506 ) ;
#552 = LINE ( 'NONE', #509, #2001 ) ;
#553 = ORIENTED_EDGE ( 'NONE', *, *, #640, .F. ) ;
#554 = CYLINDRICAL_SURFACE ( 'NONE', #8, 1.250000000000000222 ) ;
#555 = DIRECTION ( 'NONE',  ( -0.000000000000000000, 1.000000000000000000, 1.656387824988252509E-16 ) ) ;
#556 = ADVANCED_FACE ( 'NONE', ( #451 ), #821, .F. ) ;
#557 = ORIENTED_EDGE ( 'NONE', *, *, #644, .F. ) ;
#558 = EDGE_CURVE ( 'NONE', #111, #1073, #2464, .T. ) ;
#559 = AXIS2_PLACEMENT_3D ( 'NONE', #2473, #1324, #1902 ) ;
#560 = DIRECTION ( 'NONE',  ( 0.000000000000000000, 0.000000000000000000, 1.000000000000000000 ) ) ;
#561 = LINE ( 'NONE', #1460, #281 ) ;
#562 = CIRCLE ( 'NONE', #517, 2.000000000000000444 ) ;
#563 = CARTESIAN_POINT ( 'NONE',  ( 3.999999999999986233, 28.69999999999999574, -5.000000000000000888 ) ) ;
#564 = ORIENTED_EDGE ( 'NONE', *, *, #1399, .F. ) ;
#565 = AXIS2_PLACEMENT_3D ( 'NONE', #16, #1022, #2621 ) ;
#566 = ORIENTED_EDGE ( 'NONE', *, *, #56, .T. ) ;
#567 = DIRECTION ( 'NONE',  ( -0.000000000000000000, -1.000000000000000000, -0.000000000000000000 ) ) ;
#568 = CARTESIAN_POINT ( 'NONE',  ( -5.999999999999999112, 40.00000000000000000, -9.999999999999998224 ) ) ;
#569 = VERTEX_POINT ( 'NONE', #220 ) ;
#570 = DIRECTION ( 'NONE',  ( -1.000000000000000000, -0.000000000000000000, -0.000000000000000000 ) ) ;
#571 = LINE ( 'NONE', #2816, #823 ) ;
#572 = EDGE_CURVE ( 'NONE', #1100, #2246, #1769, .T. ) ;
#573 = CARTESIAN_POINT ( 'NONE',  ( -7.000000000000000000, 35.20000000000000284, -4.949999999999998401 ) ) ;
#574 = CYLINDRICAL_SURFACE ( 'NONE', #2476, 2.000000000000002665 ) ;
#575 = EDGE_LOOP ( 'NONE', ( #1870, #1816 ) ) ;
#576 = VERTEX_POINT ( 'NONE', #1786 ) ;
#577 = EDGE_CURVE ( 'NONE', #853, #541, #6, .T. ) ;
#578 = EDGE_CURVE ( 'NONE', #1093, #1744, #2686, .T. ) ;
#579 = PLANE ( 'NONE',  #349 ) ;
#580 = CARTESIAN_POINT ( 'NONE',  ( -8.000000000000000000, 35.95000000000000284, -3.949999999999998845 ) ) ;
#581 = EDGE_LOOP ( 'NONE', ( #467, #666, #185, #27 ) ) ;
#582 = CARTESIAN_POINT ( 'NONE',  ( 4.614546730259358576, 39.22909346051864787, 4.599333664227541973 ) ) ;
#583 = LINE ( 'NONE', #776, #2121 ) ;
#584 = CIRCLE ( 'NONE', #2919, 1.250000000000000222 ) ;
#585 = CIRCLE ( 'NONE', #770, 2.000000000000002665 ) ;
#586 = ORIENTED_EDGE ( 'NONE', *, *, #2394, .F. ) ;
#587 = EDGE_CURVE ( 'NONE', #2858, #1047, #452, .T. ) ;
#588 = ORIENTED_EDGE ( 'NONE', *, *, #2752, .T. ) ;
#589 = CARTESIAN_POINT ( 'NONE',  ( -8.000000000000000000, 34.45000000000000284, -5.949999999999998401 ) ) ;
#590 = EDGE_LOOP ( 'NONE', ( #127, #947, #2585, #2885 ) ) ;
#591 = CARTESIAN_POINT ( 'NONE',  ( -8.000000000000000000, 34.20000000000000284, -4.199999999999999289 ) ) ;
#592 = ORIENTED_EDGE ( 'NONE', *, *, #1116, .T. ) ;
#593 = DIRECTION ( 'NONE',  ( 0.000000000000000000, 0.000000000000000000, -1.000000000000000000 ) ) ;
#594 = DIRECTION ( 'NONE',  ( -1.000000000000000000, 0.000000000000000000, 0.000000000000000000 ) ) ;
#595 = CARTESIAN_POINT ( 'NONE',  ( 5.000000000000000000, 40.00000000000000000, 3.000000000000000000 ) ) ;
#596 = ORIENTED_EDGE ( 'NONE', *, *, #363, .F. ) ;
#597 = CARTESIAN_POINT ( 'NONE',  ( 4.261747895233460426, 38.52349579046720152, 4.947945344328045891 ) ) ;
#598 = EDGE_LOOP ( 'NONE', ( #1188, #872, #1035, #2193 ) ) ;
#599 = CARTESIAN_POINT ( 'NONE',  ( -7.865208532137248021, 34.45000000000000284, -3.868489334828447035 ) ) ;
#600 = DIRECTION ( 'NONE',  ( -1.000000000000000000, -0.000000000000000000, -0.000000000000000000 ) ) ;
#601 = CARTESIAN_POINT ( 'NONE',  ( -6.000000000000000000, 37.20000000000000284, 0.5000000000000029976 ) ) ;
#602 = EDGE_LOOP ( 'NONE', ( #2417, #2779, #2721, #1176 ) ) ;
#603 = CARTESIAN_POINT ( 'NONE',  ( -8.000000000000000000, 35.20000000000000284, -3.699999999999998401 ) ) ;
#604 = ORIENTED_EDGE ( 'NONE', *, *, #2805, .T. ) ;
#605 = LOCAL_TIME ( 16, 32, 55.00000000000000000, #2611 ) ;
#606 = CARTESIAN_POINT ( 'NONE',  ( 4.283254797250467760, 0.000000000000000000, -1.215000000000000080 ) ) ;
#607 = CARTESIAN_POINT ( 'NONE',  ( -6.000000000000000000, 28.69999999999999574, 2.999999999999985789 ) ) ;
#608 = PERSON_AND_ORGANIZATION ( #1811, #1506 ) ;
#609 = ORIENTED_EDGE ( 'NONE', *, *, #2, .F. ) ;
#610 = CARTESIAN_POINT ( 'NONE',  ( 5.974060811848740826, 39.97406081184870885, 3.389981419541291618 ) ) ;
#611 = CIRCLE ( 'NONE', #703, 0.3000000000000020983 ) ;
#612 = EDGE_CURVE ( 'NONE', #207, #1364, #2304, .T. ) ;
#613 = EDGE_CURVE ( 'NONE', #236, #2230, #583, .T. ) ;
#614 = ORIENTED_EDGE ( 'NONE', *, *, #739, .F. ) ;
#615 = DIRECTION ( 'NONE',  ( -1.000000000000000000, -0.000000000000000000, -0.000000000000000000 ) ) ;
#616 = DIRECTION ( 'NONE',  ( 0.000000000000000000, -1.000000000000000000, 0.000000000000000000 ) ) ;
#617 = LINE ( 'NONE', #1493, #421 ) ;
#618 = DIRECTION ( 'NONE',  ( 0.000000000000000000, 0.000000000000000000, -1.000000000000000000 ) ) ;
#619 = ORIENTED_EDGE ( 'NONE', *, *, #1860, .T. ) ;
#620 = CARTESIAN_POINT ( 'NONE',  ( -5.987107820140983527, 38.99355391007046734, 3.261796171659155252 ) ) ;
#621 = DIRECTION ( 'NONE',  ( 0.000000000000000000, 1.000000000000000000, 0.000000000000000000 ) ) ;
#622 = ORIENTED_EDGE ( 'NONE', *, *, #439, .F. ) ;
#623 = EDGE_CURVE ( 'NONE', #2793, #2594, #571, .T. ) ;
#624 = DIRECTION ( 'NONE',  ( 0.000000000000000000, -0.000000000000000000, -1.000000000000000000 ) ) ;
#625 = EDGE_CURVE ( 'NONE', #2230, #1719, #2695, .T. ) ;
#626 = ORIENTED_EDGE ( 'NONE', *, *, #707, .F. ) ;
#627 = VECTOR ( 'NONE', #2739, 1000.000000000000000 ) ;
#628 = CARTESIAN_POINT ( 'NONE',  ( -3.500000000000000000, 33.20000000000000995, 2.300000000000001599 ) ) ;
#629 = ORIENTED_EDGE ( 'NONE', *, *, #184, .T. ) ;
#630 = LINE ( 'NONE', #386, #1926 ) ;
#631 = ORIENTED_EDGE ( 'NONE', *, *, #2778, .F. ) ;
#632 = ORIENTED_EDGE ( 'NONE', *, *, #2492, .F. ) ;
#633 = AXIS2_PLACEMENT_3D ( 'NONE', #493, #2822, #1685 ) ;
#634 = VECTOR ( 'NONE', #2682, 1000.000000000000000 ) ;
#635 = DIRECTION ( 'NONE',  ( -0.000000000000000000, -0.000000000000000000, 1.000000000000000000 ) ) ;
#636 = CC_DESIGN_PERSON_AND_ORGANIZATION_ASSIGNMENT ( #2216, #188, ( #2256 ) ) ;
#637 = ORIENTED_EDGE ( 'NONE', *, *, #2147, .T. ) ;
#638 = CARTESIAN_POINT ( 'NONE',  ( 3.500000000000000000, 33.20000000000000995, 1.500000000000000000 ) ) ;
#639 = CARTESIAN_POINT ( 'NONE',  ( -4.795107630212505967, 39.59021526042499062, 4.219979569915016882 ) ) ;
#640 = EDGE_CURVE ( 'NONE', #704, #12, #2687, .T. ) ;
#641 = VERTEX_POINT ( 'NONE', #1722 ) ;
#642 = DIRECTION ( 'NONE',  ( 0.000000000000000000, 0.000000000000000000, -1.000000000000000000 ) ) ;
#643 = ADVANCED_FACE ( 'NONE', ( #1454 ), #1034, .T. ) ;
#644 = EDGE_CURVE ( 'NONE', #2683, #657, #2828, .T. ) ;
#645 = ORIENTED_EDGE ( 'NONE', *, *, #2652, .T. ) ;
#646 = DIRECTION ( 'NONE',  ( 0.000000000000000000, 1.000000000000000000, -0.000000000000000000 ) ) ;
#647 = DIRECTION ( 'NONE',  ( 0.000000000000000000, 0.000000000000000000, 1.000000000000000000 ) ) ;
#648 = ORIENTED_EDGE ( 'NONE', *, *, #1834, .T. ) ;
#649 = CIRCLE ( 'NONE', #2705, 0.4000000000000004108 ) ;
#650 = DIRECTION ( 'NONE',  ( -1.000000000000000000, -0.000000000000000000, -0.000000000000000000 ) ) ;
#651 = EDGE_LOOP ( 'NONE', ( #1214, #1424, #2709, #2258 ) ) ;
#652 = CIRCLE ( 'NONE', #2606, 1.250000000000000222 ) ;
#653 = CARTESIAN_POINT ( 'NONE',  ( 8.000000000000000000, 35.20000000000000284, -6.950000000000001066 ) ) ;
#654 = ORIENTED_EDGE ( 'NONE', *, *, #2328, .T. ) ;
#655 = CIRCLE ( 'NONE', #175, 1.449999999999993072 ) ;
#656 = CARTESIAN_POINT ( 'NONE',  ( -4.614546730259357687, 39.22909346051863366, 4.599333664227545526 ) ) ;
#657 = VERTEX_POINT ( 'NONE', #2130 ) ;
#658 = CYLINDRICAL_SURFACE ( 'NONE', #733, 0.8000000000000017097 ) ;
#659 = DIRECTION ( 'NONE',  ( -1.000000000000000000, 0.000000000000000000, -0.000000000000000000 ) ) ;
#660 = DIRECTION ( 'NONE',  ( -0.000000000000000000, 1.000000000000000000, -0.000000000000000000 ) ) ;
#661 = ORIENTED_EDGE ( 'NONE', *, *, #1141, .F. ) ;
#662 = CARTESIAN_POINT ( 'NONE',  ( 6.000000000000000000, 28.69999999999999574, 2.999999999999985789 ) ) ;
#663 = CARTESIAN_POINT ( 'NONE',  ( 4.283254797250467760, -15.00000000000000000, -0.4050000000000000266 ) ) ;
#664 = EDGE_CURVE ( 'NONE', #2037, #1781, #404, .T. ) ;
#665 = CALENDAR_DATE ( 2025, 28, 7 ) ;
#666 = ORIENTED_EDGE ( 'NONE', *, *, #2835, .T. ) ;
#667 = LINE ( 'NONE', #2734, #1096 ) ;
#668 = DIRECTION ( 'NONE',  ( 1.000000000000000000, 0.000000000000000000, 0.000000000000000000 ) ) ;
#669 = VERTEX_POINT ( 'NONE', #134 ) ;
#670 = CARTESIAN_POINT ( 'NONE',  ( 8.000000000000000000, 36.44096736459908215, -5.699999999999999289 ) ) ;
#671 = CC_DESIGN_DATE_AND_TIME_ASSIGNMENT ( #160, #831, ( #2491 ) ) ;
#672 = EDGE_CURVE ( 'NONE', #1111, #2384, #418, .T. ) ;
#673 = AXIS2_PLACEMENT_3D ( 'NONE', #1332, #2077, #887 ) ;
#674 = CARTESIAN_POINT ( 'NONE',  ( 3.999999999999998224, 33.20000000000000995, 2.300000000000001599 ) ) ;
#675 = DIRECTION ( 'NONE',  ( 0.000000000000000000, 0.000000000000000000, -1.000000000000000000 ) ) ;
#676 = CARTESIAN_POINT ( 'NONE',  ( 6.000000000000000000, 28.69999999999999574, -2.999999999999985789 ) ) ;
#677 = AXIS2_PLACEMENT_3D ( 'NONE', #2949, #2725, #675 ) ;
#678 = VECTOR ( 'NONE', #2392, 1000.000000000000000 ) ;
#679 = CIRCLE ( 'NONE', #11, 0.2999999999999944933 ) ;
#680 = ORIENTED_EDGE ( 'NONE', *, *, #1416, .T. ) ;
#681 = DIRECTION ( 'NONE',  ( 0.000000000000000000, 0.000000000000000000, -1.000000000000000000 ) ) ;
#682 = DIRECTION ( 'NONE',  ( 1.000000000000000000, -0.000000000000000000, -0.000000000000000000 ) ) ;
#683 = ADVANCED_FACE ( 'NONE', ( #1969 ), #2742, .F. ) ;
#684 = ORIENTED_EDGE ( 'NONE', *, *, #2861, .T. ) ;
#685 = CARTESIAN_POINT ( 'NONE',  ( 7.000000000000000000, 35.20000000000000284, -4.949999999999998401 ) ) ;
#686 = ORIENTED_EDGE ( 'NONE', *, *, #1563, .T. ) ;
#687 = DIRECTION ( 'NONE',  ( 0.000000000000000000, 0.000000000000000000, 1.000000000000000000 ) ) ;
#688 = ORIENTED_EDGE ( 'NONE', *, *, #860, .T. ) ;
#689 = DIRECTION ( 'NONE',  ( -1.000000000000000000, -0.000000000000000000, -0.000000000000000000 ) ) ;
#690 = CARTESIAN_POINT ( 'NONE',  ( -4.000000000000000000, 28.69999999999999574, 5.000000000000000000 ) ) ;
#691 = CARTESIAN_POINT ( 'NONE',  ( 3.500000000000000000, 33.20000000000000995, 1.500000000000000000 ) ) ;
#692 = LINE ( 'NONE', #1101, #627 ) ;
#693 = CARTESIAN_POINT ( 'NONE',  ( -5.800000000000006040, 37.20000000000000284, 1.500000000000000000 ) ) ;
#694 = EDGE_LOOP ( 'NONE', ( #2140, #2511, #661, #161, #2603, #429 ) ) ;
#695 = CIRCLE ( 'NONE', #2939, 1.250000000000000222 ) ;
#696 = CARTESIAN_POINT ( 'NONE',  ( 7.799999999999998046, 35.20000000000000284, -4.949999999999998401 ) ) ;
#697 = AXIS2_PLACEMENT_3D ( 'NONE', #2199, #2612, #2716 ) ;
#698 = DIRECTION ( 'NONE',  ( -0.000000000000000000, -1.000000000000000000, -0.000000000000000000 ) ) ;
#699 = ORIENTED_EDGE ( 'NONE', *, *, #2935, .F. ) ;
#700 = CARTESIAN_POINT ( 'NONE',  ( -6.000000000000000000, 37.20000000000000284, 1.500000000000000000 ) ) ;
#701 = EDGE_LOOP ( 'NONE', ( #2650, #308, #2427, #728 ) ) ;
#702 = ADVANCED_FACE ( 'NONE', ( #472 ), #408, .F. ) ;
#703 = AXIS2_PLACEMENT_3D ( 'NONE', #691, #1618, #2517 ) ;
#704 = VERTEX_POINT ( 'NONE', #910 ) ;
#705 = CARTESIAN_POINT ( 'NONE',  ( 7.799999999999998046, 36.20000000000000284, -4.199999999999999289 ) ) ;
#706 = CIRCLE ( 'NONE', #1704, 2.000000000000002665 ) ;
#707 = EDGE_CURVE ( 'NONE', #2287, #511, #1651, .T. ) ;
#708 = DIRECTION ( 'NONE',  ( 0.000000000000000000, -0.000000000000000000, -1.000000000000000000 ) ) ;
#709 = DIRECTION ( 'NONE',  ( -1.000000000000000000, -0.000000000000000000, -0.000000000000000000 ) ) ;
#710 = DIRECTION ( 'NONE',  ( -0.7071067811865463515, 0.000000000000000000, 0.7071067811865487940 ) ) ;
#711 = EDGE_CURVE ( 'NONE', #934, #1439, #2071, .T. ) ;
#712 = CARTESIAN_POINT ( 'NONE',  ( 7.799999999999998046, 35.20000000000000284, -4.949999999999998401 ) ) ;
#713 = ADVANCED_FACE ( 'NONE', ( #2770 ), #914, .F. ) ;
#714 = CARTESIAN_POINT ( 'NONE',  ( 6.000000000000000888, 30.96794919243112076, -8.999999999999998224 ) ) ;
#715 = ORIENTED_EDGE ( 'NONE', *, *, #744, .F. ) ;
#716 = CARTESIAN_POINT ( 'NONE',  ( -8.000000000000000000, 34.45000000000000284, -7.905880620191565455 ) ) ;
#717 = ORIENTED_EDGE ( 'NONE', *, *, #1180, .T. ) ;
#718 = VERTEX_POINT ( 'NONE', #2380 ) ;
#719 = CARTESIAN_POINT ( 'NONE',  ( 3.500000000000000000, 33.20000000000000995, 1.500000000000000000 ) ) ;
#720 = DIRECTION ( 'NONE',  ( 1.000000000000000000, 0.000000000000000000, 0.000000000000000000 ) ) ;
#721 = DIRECTION ( 'NONE',  ( -0.000000000000000000, -0.000000000000000000, -1.000000000000000000 ) ) ;
#722 = DIRECTION ( 'NONE',  ( 0.000000000000000000, 0.000000000000000000, 1.000000000000000000 ) ) ;
#723 = CARTESIAN_POINT ( 'NONE',  ( -7.800000000000006928, 34.45000000000000284, -5.949999999999998401 ) ) ;
#724 = CIRCLE ( 'NONE', #2211, 0.8000000000000017097 ) ;
#725 = ADVANCED_FACE ( 'NONE', ( #1251 ), #2217, .F. ) ;
#726 = ADVANCED_FACE ( 'NONE', ( #334 ), #2451, .F. ) ;
#727 = DIRECTION ( 'NONE',  ( 0.000000000000000000, 0.000000000000000000, 1.000000000000000000 ) ) ;
#728 = ORIENTED_EDGE ( 'NONE', *, *, #1467, .F. ) ;
#729 = CIRCLE ( 'NONE', #1430, 0.4000000000000004663 ) ;
#730 = DIRECTION ( 'NONE',  ( 0.7071067811865460184, 0.000000000000000000, -0.7071067811865490160 ) ) ;
#731 = DIRECTION ( 'NONE',  ( -1.000000000000000000, -0.000000000000000000, -0.000000000000000000 ) ) ;
#732 = APPLICATION_CONTEXT ( 'configuration controlled 3d designs of mechanical parts and assemblies' ) ;
#733 = AXIS2_PLACEMENT_3D ( 'NONE', #1985, #2929, #1793 ) ;
#734 = VERTEX_POINT ( 'NONE', #318 ) ;
#735 = ORIENTED_EDGE ( 'NONE', *, *, #2087, .F. ) ;
#736 = EDGE_CURVE ( 'NONE', #2082, #1405, #1359, .T. ) ;
#737 = EDGE_LOOP ( 'NONE', ( #2131, #2226, #2658, #1579 ) ) ;
#738 = ORIENTED_EDGE ( 'NONE', *, *, #1075, .F. ) ;
#739 = EDGE_CURVE ( 'NONE', #2375, #2252, #1584, .T. ) ;
#740 = DIRECTION ( 'NONE',  ( 1.000000000000000000, 0.000000000000000000, 0.000000000000000000 ) ) ;
#741 = DIRECTION ( 'NONE',  ( 0.000000000000000000, 0.000000000000000000, 1.000000000000000000 ) ) ;
#742 = ADVANCED_FACE ( 'NONE', ( #1204 ), #1322, .F. ) ;
#743 = CARTESIAN_POINT ( 'NONE',  ( -5.000000000000000000, 28.69999999999999574, -8.999999999999998224 ) ) ;
#744 = EDGE_CURVE ( 'NONE', #2743, #2558, #354, .T. ) ;
#745 = CARTESIAN_POINT ( 'NONE',  ( -7.800000000000006928, 34.45000000000000284, -5.949999999999998401 ) ) ;
#746 = DIRECTION ( 'NONE',  ( 0.000000000000000000, 1.000000000000000000, 1.656387824988252755E-16 ) ) ;
#747 = CARTESIAN_POINT ( 'NONE',  ( -3.999999999999986233, 28.69999999999999574, -5.000000000000000000 ) ) ;
#748 = DIRECTION ( 'NONE',  ( -1.000000000000000000, 0.000000000000000000, 0.000000000000000000 ) ) ;
#749 = DIRECTION ( 'NONE',  ( 0.000000000000000000, 0.000000000000000000, -1.000000000000000000 ) ) ;
#750 = EDGE_LOOP ( 'NONE', ( #396, #960, #2696, #915 ) ) ;
#751 = DIRECTION ( 'NONE',  ( 0.000000000000000000, 0.000000000000000000, 1.000000000000000000 ) ) ;
#752 = ORIENTED_EDGE ( 'NONE', *, *, #1835, .T. ) ;
#753 = AXIS2_PLACEMENT_3D ( 'NONE', #2135, #782, #1208 ) ;
#754 = CARTESIAN_POINT ( 'NONE',  ( -4.000000000000000000, 28.69999999999999574, 3.000000000000000444 ) ) ;
#755 = DIRECTION ( 'NONE',  ( 0.000000000000000000, 0.000000000000000000, -1.000000000000000000 ) ) ;
#756 = VECTOR ( 'NONE', #1727, 1000.000000000000000 ) ;
#757 = CARTESIAN_POINT ( 'NONE',  ( 4.283254797250467760, 0.000000000000000000, -0.8149999999999997247 ) ) ;
#758 = PLANE ( 'NONE',  #58 ) ;
#759 = CARTESIAN_POINT ( 'NONE',  ( -3.500000000000000000, 37.20000000000000284, 1.500000000000000000 ) ) ;
#760 = FACE_OUTER_BOUND ( 'NONE', #242, .T. ) ;
#761 = CARTESIAN_POINT ( 'NONE',  ( -5.000000000000000000, 39.00000000000000000, 0.000000000000000000 ) ) ;
#762 = FACE_OUTER_BOUND ( 'NONE', #1012, .T. ) ;
#763 = CARTESIAN_POINT ( 'NONE',  ( -3.999999999999986233, 28.69999999999999574, 5.000000000000000000 ) ) ;
#764 = FACE_OUTER_BOUND ( 'NONE', #1231, .T. ) ;
#765 = CARTESIAN_POINT ( 'NONE',  ( -4.000000000000000000, 38.00000000000000000, 5.000000000000000000 ) ) ;
#766 = LINE ( 'NONE', #1667, #2666 ) ;
#767 = CARTESIAN_POINT ( 'NONE',  ( -8.000000000000000000, 35.95000000000000284, -7.905880620191565455 ) ) ;
#768 = VECTOR ( 'NONE', #1642, 1000.000000000000000 ) ;
#769 = EDGE_CURVE ( 'NONE', #2902, #853, #1388, .T. ) ;
#770 = AXIS2_PLACEMENT_3D ( 'NONE', #1800, #2249, #1568 ) ;
#771 = ADVANCED_FACE ( 'NONE', ( #431 ), #2295, .T. ) ;
#772 = VECTOR ( 'NONE', #1353, 1000.000000000000000 ) ;
#773 = AXIS2_PLACEMENT_3D ( 'NONE', #2937, #2908, #2465 ) ;
#774 = ORIENTED_EDGE ( 'NONE', *, *, #51, .F. ) ;
#775 = CYLINDRICAL_SURFACE ( 'NONE', #2784, 0.8000000000000019318 ) ;
#776 = CARTESIAN_POINT ( 'NONE',  ( 8.000000000000000000, 37.81823265331762940, -5.699999999999999289 ) ) ;
#777 = CONICAL_SURFACE ( 'NONE', #2832, 0.8000000000000015987, 0.7853981633974539411 ) ;
#778 = ORIENTED_EDGE ( 'NONE', *, *, #495, .F. ) ;
#779 = DIRECTION ( 'NONE',  ( 0.7071067811865435759, 8.659560562354983395E-17, 0.7071067811865515695 ) ) ;
#780 = CARTESIAN_POINT ( 'NONE',  ( 5.800000000000009592, 33.20000000000000995, 1.500000000000000000 ) ) ;
#781 = CARTESIAN_POINT ( 'NONE',  ( -7.800000000000006928, 35.20000000000000284, -4.949999999999998401 ) ) ;
#782 = DIRECTION ( 'NONE',  ( -1.000000000000000000, -0.000000000000000000, -0.000000000000000000 ) ) ;
#783 = ORIENTED_EDGE ( 'NONE', *, *, #2768, .T. ) ;
#784 = FACE_OUTER_BOUND ( 'NONE', #1245, .T. ) ;
#785 = AXIS2_PLACEMENT_3D ( 'NONE', #251, #37, #2294 ) ;
#786 = CALENDAR_DATE ( 2025, 28, 7 ) ;
#787 = DIRECTION ( 'NONE',  ( 1.000000000000000000, -0.000000000000000000, 0.000000000000000000 ) ) ;
#788 = VERTEX_POINT ( 'NONE', #2079 ) ;
#789 = FACE_OUTER_BOUND ( 'NONE', #2932, .T. ) ;
#790 = ORIENTED_EDGE ( 'NONE', *, *, #1641, .T. ) ;
#791 = EDGE_CURVE ( 'NONE', #1043, #1744, #2787, .T. ) ;
#792 = AXIS2_PLACEMENT_3D ( 'NONE', #1588, #1569, #219 ) ;
#793 = DIRECTION ( 'NONE',  ( -1.000000000000000000, -0.000000000000000000, -0.000000000000000000 ) ) ;
#794 = CIRCLE ( 'NONE', #32, 0.4000000000000004663 ) ;
#795 = CARTESIAN_POINT ( 'NONE',  ( -5.000000000000000000, 40.00000000000000000, 3.000000000000000000 ) ) ;
#796 = ORIENTED_EDGE ( 'NONE', *, *, #1104, .F. ) ;
#797 = CARTESIAN_POINT ( 'NONE',  ( -4.898832964073957186, 39.79766592814794990, 3.886302395154717537 ) ) ;
#798 = CARTESIAN_POINT ( 'NONE',  ( 8.000000000000000000, 37.05404962177392036, -5.699999999999999289 ) ) ;
#799 = ORIENTED_EDGE ( 'NONE', *, *, #2752, .F. ) ;
#800 = EDGE_CURVE ( 'NONE', #2064, #1674, #1851, .T. ) ;
#801 = DIRECTION ( 'NONE',  ( 0.000000000000000000, -1.000000000000000000, 0.000000000000000000 ) ) ;
#802 = CARTESIAN_POINT ( 'NONE',  ( -8.000000000000000000, 35.20000000000000284, -4.949999999999998401 ) ) ;
#803 = EDGE_CURVE ( 'NONE', #2928, #718, #1247, .T. ) ;
#804 = ORIENTED_EDGE ( 'NONE', *, *, #2513, .T. ) ;
#805 = CARTESIAN_POINT ( 'NONE',  ( -5.000000000000000000, 40.00000000000000000, 0.000000000000000000 ) ) ;
#806 = CARTESIAN_POINT ( 'NONE',  ( -5.999999999999999112, 40.00000000000000000, -7.999999999999998224 ) ) ;
#807 = ORIENTED_EDGE ( 'NONE', *, *, #440, .T. ) ;
#808 = DIRECTION ( 'NONE',  ( 0.000000000000000000, 0.000000000000000000, 1.000000000000000000 ) ) ;
#809 = LINE ( 'NONE', #388, #1357 ) ;
#810 = VERTEX_POINT ( 'NONE', #1373 ) ;
#811 = DIRECTION ( 'NONE',  ( -0.7071067811865484609, 0.000000000000000000, 0.7071067811865465735 ) ) ;
#812 = DIRECTION ( 'NONE',  ( -1.000000000000000000, -0.000000000000000000, -0.000000000000000000 ) ) ;
#813 = ORIENTED_EDGE ( 'NONE', *, *, #2544, .T. ) ;
#814 = FACE_OUTER_BOUND ( 'NONE', #2444, .T. ) ;
#815 = CARTESIAN_POINT ( 'NONE',  ( 4.283254797250467760, 0.000000000000000000, -0.004999999999999579434 ) ) ;
#816 = DIRECTION ( 'NONE',  ( 0.000000000000000000, 0.000000000000000000, 1.000000000000000000 ) ) ;
#817 = ADVANCED_FACE ( 'NONE', ( #2667 ), #156, .F. ) ;
#818 = VERTEX_POINT ( 'NONE', #400 ) ;
#819 = CIRCLE ( 'NONE', #2019, 2.000000000000002665 ) ;
#820 = CARTESIAN_POINT ( 'NONE',  ( -7.865208532137248021, 35.95000000000000284, -6.031510665171548879 ) ) ;
#821 = CONICAL_SURFACE ( 'NONE', #105, 0.8000000000000019318, 0.7853981633974541632 ) ;
#822 = ORIENTED_EDGE ( 'NONE', *, *, #80, .T. ) ;
#823 = VECTOR ( 'NONE', #2185, 1000.000000000000000 ) ;
#824 = PLANE ( 'NONE',  #38 ) ;
#825 = FACE_OUTER_BOUND ( 'NONE', #214, .T. ) ;
#826 = ORIENTED_EDGE ( 'NONE', *, *, #2489, .T. ) ;
#827 = EDGE_LOOP ( 'NONE', ( #1395, #2922, #1120, #1397 ) ) ;
#828 = FACE_OUTER_BOUND ( 'NONE', #2409, .T. ) ;
#829 = EDGE_CURVE ( 'NONE', #1577, #2075, #630, .T. ) ;
#830 = FACE_OUTER_BOUND ( 'NONE', #1661, .T. ) ;
#831 = DATE_TIME_ROLE ( 'creation_date' ) ;
#832 = ORIENTED_EDGE ( 'NONE', *, *, #56, .F. ) ;
#833 = DIRECTION ( 'NONE',  ( 0.000000000000000000, 1.000000000000000000, 0.000000000000000000 ) ) ;
#834 = CARTESIAN_POINT ( 'NONE',  ( -8.000000000000000000, 34.45000000000000284, -3.709032635400921318 ) ) ;
#835 = EDGE_LOOP ( 'NONE', ( #2336, #2006, #2665, #1295 ) ) ;
#836 = CARTESIAN_POINT ( 'NONE',  ( 6.000000000000000000, 39.00000000000000000, -7.999999999999998224 ) ) ;
#837 = ADVANCED_FACE ( 'NONE', ( #875 ), #658, .F. ) ;
#838 = AXIS2_PLACEMENT_3D ( 'NONE', #2443, #2653, #2206 ) ;
#839 = CARTESIAN_POINT ( 'NONE',  ( 3.500000000000000000, 33.20000000000000995, 1.500000000000000000 ) ) ;
#840 = ORIENTED_EDGE ( 'NONE', *, *, #2740, .F. ) ;
#841 = DIRECTION ( 'NONE',  ( 1.000000000000000000, -0.000000000000000000, -0.000000000000000000 ) ) ;
#842 = EDGE_LOOP ( 'NONE', ( #1004, #1941, #1535, #648 ) ) ;
#843 = CIRCLE ( 'NONE', #1607, 0.8000000000000017097 ) ;
#844 = PERSON_AND_ORGANIZATION ( #1811, #1506 ) ;
#845 = EDGE_LOOP ( 'NONE', ( #528, #895 ) ) ;
#846 = CIRCLE ( 'NONE', #1855, 2.000000000000002665 ) ;
#847 = CARTESIAN_POINT ( 'NONE',  ( -4.261846573182008768, 38.13092328659020325, 5.000000000000000000 ) ) ;
#848 = ORIENTED_EDGE ( 'NONE', *, *, #1791, .T. ) ;
#849 = DIRECTION ( 'NONE',  ( 0.000000000000000000, 0.000000000000000000, -1.000000000000000000 ) ) ;
#850 = CARTESIAN_POINT ( 'NONE',  ( -7.800000000000006928, 35.95000000000000284, -3.949999999999998845 ) ) ;
#851 = EDGE_LOOP ( 'NONE', ( #1572, #2144, #2025, #553 ) ) ;
#852 = CARTESIAN_POINT ( 'NONE',  ( -3.999999999999986233, 28.69999999999999574, -5.000000000000000000 ) ) ;
#853 = VERTEX_POINT ( 'NONE', #836 ) ;
#854 = ORIENTED_EDGE ( 'NONE', *, *, #144, .T. ) ;
#855 = ADVANCED_FACE ( 'NONE', ( #2457 ), #1307, .F. ) ;
#856 = LINE ( 'NONE', #2481, #1583 ) ;
#857 = ORIENTED_EDGE ( 'NONE', *, *, #390, .F. ) ;
#858 = CARTESIAN_POINT ( 'NONE',  ( 4.993553910070477109, 39.98710782014099152, 3.261796171659133048 ) ) ;
#859 = EDGE_CURVE ( 'NONE', #1059, #257, #1910, .T. ) ;
#860 = EDGE_CURVE ( 'NONE', #2639, #1257, #1489, .T. ) ;
#861 = CARTESIAN_POINT ( 'NONE',  ( -5.278392651607595631, 39.27839265160761073, 4.581575918767572198 ) ) ;
#862 = CIRCLE ( 'NONE', #1483, 2.000000000000000000 ) ;
#863 = AXIS2_PLACEMENT_3D ( 'NONE', #1342, #49, #1126 ) ;
#864 = ORIENTED_EDGE ( 'NONE', *, *, #1751, .F. ) ;
#865 = ORIENTED_EDGE ( 'NONE', *, *, #2761, .T. ) ;
#866 = AXIS2_PLACEMENT_3D ( 'NONE', #415, #2026, #849 ) ;
#867 = AXIS2_PLACEMENT_3D ( 'NONE', #1308, #616, #2459 ) ;
#868 = DIRECTION ( 'NONE',  ( -0.000000000000000000, -0.000000000000000000, 1.000000000000000000 ) ) ;
#869 = CARTESIAN_POINT ( 'NONE',  ( 7.865208532137240915, 34.11848933482844615, -4.199999999999999289 ) ) ;
#870 = ORIENTED_EDGE ( 'NONE', *, *, #924, .T. ) ;
#871 = EDGE_CURVE ( 'NONE', #1380, #1093, #1436, .T. ) ;
#872 = ORIENTED_EDGE ( 'NONE', *, *, #640, .T. ) ;
#873 = CARTESIAN_POINT ( 'NONE',  ( -4.867831594392583838, 39.73566318878518189, 4.002301362163397158 ) ) ;
#874 = ORIENTED_EDGE ( 'NONE', *, *, #1637, .F. ) ;
#875 = FACE_OUTER_BOUND ( 'NONE', #602, .T. ) ;
#876 = ORIENTED_EDGE ( 'NONE', *, *, #612, .T. ) ;
#877 = EDGE_CURVE ( 'NONE', #12, #704, #2589, .T. ) ;
#878 = ORIENTED_EDGE ( 'NONE', *, *, #206, .F. ) ;
#879 = DIRECTION ( 'NONE',  ( 0.000000000000000000, 0.000000000000000000, 1.000000000000000000 ) ) ;
#880 = CARTESIAN_POINT ( 'NONE',  ( -3.999999999999986233, 30.69999999999999929, -5.000000000000000000 ) ) ;
#881 = AXIS2_PLACEMENT_3D ( 'NONE', #2931, #1782, #2247 ) ;
#882 = ORIENTED_EDGE ( 'NONE', *, *, #2577, .F. ) ;
#883 = DIRECTION ( 'NONE',  ( -0.7071067811865484609, 8.659560562354921765E-17, -0.7071067811865465735 ) ) ;
#884 = LINE ( 'NONE', #2269, #1382 ) ;
#885 = VECTOR ( 'NONE', #621, 1000.000000000000000 ) ;
#886 = PERSON_AND_ORGANIZATION_ROLE ( 'design_supplier' ) ;
#887 = DIRECTION ( 'NONE',  ( 0.000000000000000000, 0.000000000000000000, 1.000000000000000000 ) ) ;
#888 = VERTEX_POINT ( 'NONE', #271 ) ;
#889 = CARTESIAN_POINT ( 'NONE',  ( -8.000000000000000000, 35.95000000000000284, -3.095950378226080435 ) ) ;
#890 = CC_DESIGN_PERSON_AND_ORGANIZATION_ASSIGNMENT ( #2254, #394, ( #1074 ) ) ;
#891 = ADVANCED_FACE ( 'NONE', ( #2138 ), #2794, .T. ) ;
#892 = VERTEX_POINT ( 'NONE', #2809 ) ;
#893 = VECTOR ( 'NONE', #2342, 1000.000000000000000 ) ;
#894 = DIRECTION ( 'NONE',  ( -0.000000000000000000, 1.000000000000000000, -0.000000000000000000 ) ) ;
#895 = ORIENTED_EDGE ( 'NONE', *, *, #2524, .T. ) ;
#896 = LINE ( 'NONE', #435, #2450 ) ;
#897 = FACE_OUTER_BOUND ( 'NONE', #2497, .T. ) ;
#898 = FACE_OUTER_BOUND ( 'NONE', #437, .T. ) ;
#899 = CYLINDRICAL_SURFACE ( 'NONE', #1216, 0.8000000000000015987 ) ;
#900 = CARTESIAN_POINT ( 'NONE',  ( 6.000000000000000000, 30.69999999999999929, -2.999999999999985789 ) ) ;
#901 = ORIENTED_EDGE ( 'NONE', *, *, #2704, .T. ) ;
#902 = CARTESIAN_POINT ( 'NONE',  ( -4.000000000000008882, 37.20000000000000284, 0.6999999999999981792 ) ) ;
#903 = CARTESIAN_POINT ( 'NONE',  ( -6.000000000000000000, 37.20000000000000284, 1.500000000000000000 ) ) ;
#904 = EDGE_LOOP ( 'NONE', ( #1799, #2916, #864, #944 ) ) ;
#905 = DIRECTION ( 'NONE',  ( 1.000000000000000000, -0.000000000000000000, -0.000000000000000000 ) ) ;
#906 = ORIENTED_EDGE ( 'NONE', *, *, #1260, .T. ) ;
#907 = CARTESIAN_POINT ( 'NONE',  ( 5.000000000000000000, 40.00000000000000000, 3.000000000000000000 ) ) ;
#908 = FACE_OUTER_BOUND ( 'NONE', #2016, .T. ) ;
#909 = ORIENTED_EDGE ( 'NONE', *, *, #2292, .F. ) ;
#910 = CARTESIAN_POINT ( 'NONE',  ( -4.000000000000008882, 37.20000000000000284, 0.6999999999999981792 ) ) ;
#911 = CARTESIAN_POINT ( 'NONE',  ( -5.800000000000005151, 33.20000000000000995, 1.500000000000000000 ) ) ;
#912 = FACE_OUTER_BOUND ( 'NONE', #443, .T. ) ;
#913 = VECTOR ( 'NONE', #2036, 1000.000000000000000 ) ;
#914 = CONICAL_SURFACE ( 'NONE', #1054, 0.3000000000000020983, 0.7853981633974496113 ) ;
#915 = ORIENTED_EDGE ( 'NONE', *, *, #871, .F. ) ;
#916 = CARTESIAN_POINT ( 'NONE',  ( 4.283254797250467760, 0.000000000000000000, -1.215000000000000080 ) ) ;
#917 = ADVANCED_FACE ( 'NONE', ( #94, #2124, #68, #2345 ), #55, .T. ) ;
#918 = CARTESIAN_POINT ( 'NONE',  ( 0.000000000000000000, 40.00000000000000000, 0.000000000000000000 ) ) ;
#919 = EDGE_LOOP ( 'NONE', ( #976, #2321, #2691, #2905, #1335, #1346 ) ) ;
#920 = CARTESIAN_POINT ( 'NONE',  ( 3.999999999999998224, 33.20000000000000995, 0.6999999999999985123 ) ) ;
#921 = ORIENTED_EDGE ( 'NONE', *, *, #1959, .F. ) ;
#922 = CARTESIAN_POINT ( 'NONE',  ( -6.000000000000000000, 33.20000000000000995, 2.499999999999997780 ) ) ;
#923 = DIRECTION ( 'NONE',  ( -0.000000000000000000, -1.000000000000000000, 0.000000000000000000 ) ) ;
#924 = EDGE_CURVE ( 'NONE', #2671, #1284, #679, .T. ) ;
#925 = ORIENTED_EDGE ( 'NONE', *, *, #2259, .F. ) ;
#926 = DIRECTION ( 'NONE',  ( 0.000000000000000000, 0.000000000000000000, -1.000000000000000000 ) ) ;
#927 = LINE ( 'NONE', #65, #2499 ) ;
#928 = DIRECTION ( 'NONE',  ( 0.000000000000000000, 0.000000000000000000, -1.000000000000000000 ) ) ;
#929 = DIRECTION ( 'NONE',  ( -1.000000000000000000, 0.000000000000000000, 0.000000000000000000 ) ) ;
#930 = CARTESIAN_POINT ( 'NONE',  ( 5.800000000000010481, 37.20000000000000284, 0.6999999999999981792 ) ) ;
#931 = ORIENTED_EDGE ( 'NONE', *, *, #984, .T. ) ;
#932 = DIRECTION ( 'NONE',  ( 0.000000000000000000, 0.000000000000000000, 1.000000000000000000 ) ) ;
#933 = ORIENTED_EDGE ( 'NONE', *, *, #1928, .T. ) ;
#934 = VERTEX_POINT ( 'NONE', #2568 ) ;
#935 = B_SPLINE_CURVE_WITH_KNOTS ( 'NONE', 3,
 ( #515, #965, #294, #1885 ),
 .UNSPECIFIED., .F., .F.,
 ( 4, 4 ),
 ( 0.000000000000000000, 0.0003131537494615506422 ),
 .UNSPECIFIED. ) ;
#936 = AXIS2_PLACEMENT_3D ( 'NONE', #1652, #2846, #2173 ) ;
#937 = ADVANCED_FACE ( 'NONE', ( #2838 ), #777, .F. ) ;
#938 = ADVANCED_FACE ( 'NONE', ( #2095 ), #256, .F. ) ;
#939 = DIRECTION ( 'NONE',  ( 0.000000000000000000, -0.000000000000000000, -1.000000000000000000 ) ) ;
#940 = CARTESIAN_POINT ( 'NONE',  ( -4.000000000000008882, 37.20000000000000284, 1.500000000000000000 ) ) ;
#941 = LINE ( 'NONE', #5, #1023 ) ;
#942 = DIRECTION ( 'NONE',  ( 0.000000000000000000, 0.000000000000000000, -1.000000000000000000 ) ) ;
#943 = CARTESIAN_POINT ( 'NONE',  ( 4.283254797250468648, -15.00000000000000000, 1.215000000000000080 ) ) ;
#944 = ORIENTED_EDGE ( 'NONE', *, *, #711, .F. ) ;
#945 = EDGE_CURVE ( 'NONE', #788, #1962, #1532, .T. ) ;
#946 = DIRECTION ( 'NONE',  ( -1.000000000000000000, 0.000000000000000000, -0.000000000000000000 ) ) ;
#947 = ORIENTED_EDGE ( 'NONE', *, *, #2778, .T. ) ;
#948 = EDGE_CURVE ( 'NONE', #1804, #818, #2536, .T. ) ;
#949 = ORIENTED_EDGE ( 'NONE', *, *, #769, .F. ) ;
#950 = LINE ( 'NONE', #2286, #2728 ) ;
#951 = EDGE_CURVE ( 'NONE', #465, #1719, #1897, .T. ) ;
#952 = ORIENTED_EDGE ( 'NONE', *, *, #2550, .T. ) ;
#953 = ORIENTED_EDGE ( 'NONE', *, *, #223, .T. ) ;
#954 = CARTESIAN_POINT ( 'NONE',  ( 4.283254797250468648, -15.00000000000000000, 0.4050000000000000266 ) ) ;
#955 = CYLINDRICAL_SURFACE ( 'NONE', #1149, 2.000000000000000000 ) ;
#956 = CARTESIAN_POINT ( 'NONE',  ( 6.000000000000000000, 39.00000000000000000, 3.000000000000000000 ) ) ;
#957 = AXIS2_PLACEMENT_3D ( 'NONE', #2343, #288, #2566 ) ;
#958 = AXIS2_PLACEMENT_3D ( 'NONE', #903, #1287, #1557 ) ;
#959 = CYLINDRICAL_SURFACE ( 'NONE', #1630, 0.4000000000000004108 ) ;
#960 = ORIENTED_EDGE ( 'NONE', *, *, #572, .T. ) ;
#961 = VECTOR ( 'NONE', #1079, 1000.000000000000000 ) ;
#962 = ADVANCED_FACE ( 'NONE', ( #814 ), #1044, .F. ) ;
#963 = ORIENTED_EDGE ( 'NONE', *, *, #736, .F. ) ;
#964 = ORIENTED_EDGE ( 'NONE', *, *, #2652, .F. ) ;
#965 = CARTESIAN_POINT ( 'NONE',  ( 7.932127016263510022, 36.36166163164799769, -4.199999999999998401 ) ) ;
#966 = ORIENTED_EDGE ( 'NONE', *, *, #2918, .T. ) ;
#967 = CARTESIAN_POINT ( 'NONE',  ( -5.000000000000000000, 39.00000000000000000, 3.000000000000000000 ) ) ;
#968 = CARTESIAN_POINT ( 'NONE',  ( 8.000000000000000000, 33.34595037822607821, -4.200000000000000178 ) ) ;
#969 = DIRECTION ( 'NONE',  ( 1.000000000000000000, -0.000000000000000000, -0.000000000000000000 ) ) ;
#970 = CARTESIAN_POINT ( 'NONE',  ( 7.000000000000000000, 37.05404962177392036, -4.199999999999999289 ) ) ;
#971 = CARTESIAN_POINT ( 'NONE',  ( 5.800000000000009592, 33.20000000000000995, 1.500000000000000000 ) ) ;
#972 = DIRECTION ( 'NONE',  ( 1.000000000000000000, -0.000000000000000000, 0.000000000000000000 ) ) ;
#973 = DATE_AND_TIME ( #786, #228 ) ;
#974 = DIRECTION ( 'NONE',  ( 0.000000000000000000, 1.000000000000000000, 0.000000000000000000 ) ) ;
#975 = CIRCLE ( 'NONE', #2660, 1.250000000000000222 ) ;
#976 = ORIENTED_EDGE ( 'NONE', *, *, #623, .F. ) ;
#977 = CARTESIAN_POINT ( 'NONE',  ( -3.999999999999986233, 30.69999999999999929, 5.000000000000000000 ) ) ;
#978 = ADVANCED_FACE ( 'NONE', ( #784 ), #1030, .F. ) ;
#979 = EDGE_LOOP ( 'NONE', ( #2954, #1061 ) ) ;
#980 = AXIS2_PLACEMENT_3D ( 'NONE', #1908, #1718, #1403 ) ;
#981 = DIRECTION ( 'NONE',  ( 0.7071067811865433539, 8.659560562354985860E-17, 0.7071067811865517916 ) ) ;
#982 = CONICAL_SURFACE ( 'NONE', #1558, 1.449999999999993072, 0.7853981633974456145 ) ;
#983 = DIRECTION ( 'NONE',  ( 0.000000000000000000, 1.000000000000000000, -0.000000000000000000 ) ) ;
#984 = EDGE_CURVE ( 'NONE', #2672, #1462, #695, .T. ) ;
#985 = DIRECTION ( 'NONE',  ( -0.000000000000000000, -0.000000000000000000, -1.000000000000000000 ) ) ;
#986 = FACE_OUTER_BOUND ( 'NONE', #1735, .T. ) ;
#987 = DIRECTION ( 'NONE',  ( 0.000000000000000000, 0.000000000000000000, -1.000000000000000000 ) ) ;
#988 = DIRECTION ( 'NONE',  ( 0.000000000000000000, -1.000000000000000000, -1.656387824988252755E-16 ) ) ;
#989 = APPROVAL_ROLE ( '' ) ;
#990 = ORIENTED_EDGE ( 'NONE', *, *, #1570, .F. ) ;
#991 = CARTESIAN_POINT ( 'NONE',  ( 4.999999999983565147, 40.00000000000000000, 3.130901163317795444 ) ) ;
#992 = ORIENTED_EDGE ( 'NONE', *, *, #1476, .F. ) ;
#993 = CARTESIAN_POINT ( 'NONE',  ( -6.000000000000000000, 38.00000000000000000, -8.999999999999998224 ) ) ;
#994 = DIRECTION ( 'NONE',  ( 0.000000000000000000, -0.000000000000000000, 1.000000000000000000 ) ) ;
#995 = DIRECTION ( 'NONE',  ( 1.000000000000000000, -0.000000000000000000, 0.000000000000000000 ) ) ;
#996 = VECTOR ( 'NONE', #2588, 1000.000000000000000 ) ;
#997 = CONICAL_SURFACE ( 'NONE', #245, 0.8000000000000017097, 0.7853981633974469467 ) ;
#998 = DIRECTION ( 'NONE',  ( 0.000000000000000000, 0.000000000000000000, -1.000000000000000000 ) ) ;
#999 = AXIS2_PLACEMENT_3D ( 'NONE', #638, #2468, #2244 ) ;
#1000 = ADVANCED_FACE ( 'NONE', ( #1513 ), #1698, .T. ) ;
#1001 = ORIENTED_EDGE ( 'NONE', *, *, #2486, .F. ) ;
#1002 = DIRECTION ( 'NONE',  ( 0.000000000000000000, 4.785444071660157747E-15, -1.000000000000000000 ) ) ;
#1003 = AXIS2_PLACEMENT_3D ( 'NONE', #712, #164, #2442 ) ;
#1004 = ORIENTED_EDGE ( 'NONE', *, *, #138, .F. ) ;
#1005 = ADVANCED_FACE ( 'NONE', ( #2197 ), #2608, .T. ) ;
#1006 = CARTESIAN_POINT ( 'NONE',  ( 5.800000000000009592, 33.20000000000000995, 2.300000000000001599 ) ) ;
#1007 = DIRECTION ( 'NONE',  ( -0.000000000000000000, 1.000000000000000000, -0.000000000000000000 ) ) ;
#1008 = EDGE_CURVE ( 'NONE', #1471, #1716, #1062, .T. ) ;
#1009 = DIRECTION ( 'NONE',  ( 1.000000000000000000, 0.000000000000000000, 0.000000000000000000 ) ) ;
#1010 = CARTESIAN_POINT ( 'NONE',  ( 4.283254797250468648, -15.00000000000000000, 1.215000000000000080 ) ) ;
#1011 = CARTESIAN_POINT ( 'NONE',  ( 4.000000000000000000, 28.69999999999999574, 3.000000000000000000 ) ) ;
#1012 = EDGE_LOOP ( 'NONE', ( #1300, #57, #2078, #157 ) ) ;
#1013 = ADVANCED_FACE ( 'NONE', ( #158 ), #2895, .F. ) ;
#1014 = ORIENTED_EDGE ( 'NONE', *, *, #309, .T. ) ;
#1015 = CARTESIAN_POINT ( 'NONE',  ( 4.283254797250468648, -15.00000000000000000, 1.215000000000000080 ) ) ;
#1016 = LINE ( 'NONE', #1031, #2522 ) ;
#1017 = EDGE_LOOP ( 'NONE', ( #2085, #1609 ) ) ;
#1018 = DIRECTION ( 'NONE',  ( 1.000000000000000000, -0.000000000000000000, -0.000000000000000000 ) ) ;
#1019 = CARTESIAN_POINT ( 'NONE',  ( 5.800000000000009592, 33.20000000000000995, 1.500000000000000000 ) ) ;
#1020 = CARTESIAN_POINT ( 'NONE',  ( -6.000000000000000000, 33.20000000000000995, 2.499999999999997780 ) ) ;
#1021 = ORIENTED_EDGE ( 'NONE', *, *, #2148, .F. ) ;
#1022 = DIRECTION ( 'NONE',  ( -1.000000000000000000, 0.000000000000000000, 0.000000000000000000 ) ) ;
#1023 = VECTOR ( 'NONE', #462, 1000.000000000000000 ) ;
#1024 = CARTESIAN_POINT ( 'NONE',  ( 8.000000000000000000, 35.20000000000000284, -4.949999999999998401 ) ) ;
#1025 = ADVANCED_FACE ( 'NONE', ( #2004 ), #2643, .T. ) ;
#1026 = VECTOR ( 'NONE', #812, 1000.000000000000000 ) ;
#1027 = AXIS2_PLACEMENT_3D ( 'NONE', #237, #453, #1389 ) ;
#1028 = AXIS2_PLACEMENT_3D ( 'NONE', #1055, #2845, #1678 ) ;
#1029 = ORIENTED_EDGE ( 'NONE', *, *, #211, .F. ) ;
#1030 = PLANE ( 'NONE',  #1996 ) ;
#1031 = CARTESIAN_POINT ( 'NONE',  ( 3.500000000000000000, 37.20000000000000284, 2.300000000000001599 ) ) ;
#1032 = ORIENTED_EDGE ( 'NONE', *, *, #448, .T. ) ;
#1033 = CARTESIAN_POINT ( 'NONE',  ( 4.261846573181999887, 38.13092328659027430, 5.000000000000000888 ) ) ;
#1034 = PLANE ( 'NONE',  #2498 ) ;
#1035 = ORIENTED_EDGE ( 'NONE', *, *, #424, .T. ) ;
#1036 = ADVANCED_FACE ( 'NONE', ( #828 ), #1275, .T. ) ;
#1037 = DIRECTION ( 'NONE',  ( 0.000000000000000000, 0.000000000000000000, 1.000000000000000000 ) ) ;
#1038 = CARTESIAN_POINT ( 'NONE',  ( 5.000000000000000000, 32.70000000000000284, -9.999999999999998224 ) ) ;
#1039 = EDGE_CURVE ( 'NONE', #2503, #2168, #649, .T. ) ;
#1040 = LINE ( 'NONE', #1494, #2860 ) ;
#1041 = ORIENTED_EDGE ( 'NONE', *, *, #572, .F. ) ;
#1042 = CARTESIAN_POINT ( 'NONE',  ( -5.999999999246318438, 39.99999999924629179, 3.196599510902625951 ) ) ;
#1043 = VERTEX_POINT ( 'NONE', #2673 ) ;
#1044 = PLANE ( 'NONE',  #510 ) ;
#1045 = LINE ( 'NONE', #2645, #2119 ) ;
#1046 = FACE_OUTER_BOUND ( 'NONE', #1912, .T. ) ;
#1047 = VERTEX_POINT ( 'NONE', #392 ) ;
#1048 = CARTESIAN_POINT ( 'NONE',  ( 5.797665928147925030, 38.89883296407401758, 3.886302395154768607 ) ) ;
#1049 = FACE_OUTER_BOUND ( 'NONE', #2917, .T. ) ;
#1050 = CIRCLE ( 'NONE', #2920, 0.9999999999999970024 ) ;
#1051 = VECTOR ( 'NONE', #1007, 1000.000000000000000 ) ;
#1052 = VECTOR ( 'NONE', #1964, 1000.000000000000000 ) ;
#1053 = ORIENTED_EDGE ( 'NONE', *, *, #612, .F. ) ;
#1054 = AXIS2_PLACEMENT_3D ( 'NONE', #719, #1457, #76 ) ;
#1055 = CARTESIAN_POINT ( 'NONE',  ( 5.800000000000009592, 33.20000000000000995, 1.500000000000000000 ) ) ;
#1056 = DIRECTION ( 'NONE',  ( -1.000000000000000000, 0.000000000000000000, 0.000000000000000000 ) ) ;
#1057 = DIRECTION ( 'NONE',  ( 0.000000000000000000, 0.000000000000000000, 1.000000000000000000 ) ) ;
#1058 = DIRECTION ( 'NONE',  ( 1.000000000000000000, -0.000000000000000000, 0.000000000000000000 ) ) ;
#1059 = VERTEX_POINT ( 'NONE', #1465 ) ;
#1060 = CARTESIAN_POINT ( 'NONE',  ( -3.999999999999986233, 30.69999999999999929, -5.000000000000000000 ) ) ;
#1061 = ORIENTED_EDGE ( 'NONE', *, *, #739, .T. ) ;
#1062 = LINE ( 'NONE', #1745, #2134 ) ;
#1063 = ORIENTED_EDGE ( 'NONE', *, *, #2892, .F. ) ;
#1064 = CARTESIAN_POINT ( 'NONE',  ( 4.795107630212492644, 39.59021526042501193, 4.219979569914982243 ) ) ;
#1065 = DIRECTION ( 'NONE',  ( 0.000000000000000000, 0.000000000000000000, -1.000000000000000000 ) ) ;
#1066 = CARTESIAN_POINT ( 'NONE',  ( 7.000000000000000000, 37.05404962177392036, -5.700000000000000178 ) ) ;
#1067 = ORIENTED_EDGE ( 'NONE', *, *, #2386, .F. ) ;
#1068 = CARTESIAN_POINT ( 'NONE',  ( -5.999999999999999112, 32.70000000000000284, -7.999999999999998224 ) ) ;
#1069 = CARTESIAN_POINT ( 'NONE',  ( -5.999999999999999112, 32.70000000000000284, -9.999999999999998224 ) ) ;
#1070 = ORIENTED_EDGE ( 'NONE', *, *, #2921, .F. ) ;
#1071 = DIRECTION ( 'NONE',  ( 0.000000000000000000, 0.000000000000000000, 1.000000000000000000 ) ) ;
#1072 = EDGE_CURVE ( 'NONE', #2252, #2375, #1213, .T. ) ;
#1073 = VERTEX_POINT ( 'NONE', #2314 ) ;
#1074 = PRODUCT_DEFINITION_FORMATION_WITH_SPECIFIED_SOURCE ( '�', '', #2256, .NOT_KNOWN. ) ;
#1075 = EDGE_CURVE ( 'NONE', #2062, #140, #1843, .T. ) ;
#1076 = CARTESIAN_POINT ( 'NONE',  ( -8.000000000000000000, 35.20000000000000284, -4.949999999999998401 ) ) ;
#1077 = CIRCLE ( 'NONE', #180, 0.4000000000000004663 ) ;
#1078 = ORIENTED_EDGE ( 'NONE', *, *, #2250, .T. ) ;
#1079 = DIRECTION ( 'NONE',  ( -0.000000000000000000, -0.000000000000000000, -1.000000000000000000 ) ) ;
#1080 = CIRCLE ( 'NONE', #1309, 0.3000000000000153100 ) ;
#1081 = DIRECTION ( 'NONE',  ( 0.000000000000000000, 1.000000000000000000, -0.000000000000000000 ) ) ;
#1082 = CARTESIAN_POINT ( 'NONE',  ( -7.000000000000000000, 34.45000000000000284, -7.905880620191565455 ) ) ;
#1083 = ORIENTED_EDGE ( 'NONE', *, *, #558, .T. ) ;
#1084 = DIRECTION ( 'NONE',  ( 0.000000000000000000, -1.656387824988252755E-16, 1.000000000000000000 ) ) ;
#1085 = CARTESIAN_POINT ( 'NONE',  ( -4.000000000000008882, 33.20000000000000995, 1.500000000000000000 ) ) ;
#1086 = ORIENTED_EDGE ( 'NONE', *, *, #522, .T. ) ;
#1087 = CARTESIAN_POINT ( 'NONE',  ( -5.974060811848777242, 39.97406081184868754, 3.389981419541318708 ) ) ;
#1088 = VERTEX_POINT ( 'NONE', #2777 ) ;
#1089 = EDGE_LOOP ( 'NONE', ( #966, #1083, #2631, #1796, #1626, #619, #1203 ) ) ;
#1090 = AXIS2_PLACEMENT_3D ( 'NONE', #2344, #1896, #2579 ) ;
#1091 = AXIS2_PLACEMENT_3D ( 'NONE', #911, #709, #17 ) ;
#1092 = CARTESIAN_POINT ( 'NONE',  ( -5.590215260425014598, 38.79510763021247044, 4.219979569914985795 ) ) ;
#1093 = VERTEX_POINT ( 'NONE', #2361 ) ;
#1094 = ADVANCED_FACE ( 'NONE', ( #760 ), #2747, .T. ) ;
#1095 = AXIS2_PLACEMENT_3D ( 'NONE', #2555, #1183, #2543 ) ;
#1096 = VECTOR ( 'NONE', #1578, 1000.000000000000000 ) ;
#1097 = EDGE_CURVE ( 'NONE', #2116, #1854, #2180, .T. ) ;
#1098 = AXIS2_PLACEMENT_3D ( 'NONE', #1019, #1934, #2633 ) ;
#1099 = VERTEX_POINT ( 'NONE', #2571 ) ;
#1100 = VERTEX_POINT ( 'NONE', #2125 ) ;
#1101 = CARTESIAN_POINT ( 'NONE',  ( -8.000000000000000000, 34.45000000000000284, -7.905880620191565455 ) ) ;
#1102 = EDGE_CURVE ( 'NONE', #445, #2171, #2296, .T. ) ;
#1103 = AXIS2_PLACEMENT_3D ( 'NONE', #507, #41, #2108 ) ;
#1104 = EDGE_CURVE ( 'NONE', #43, #734, #975, .T. ) ;
#1105 = ORIENTED_EDGE ( 'NONE', *, *, #1923, .F. ) ;
#1106 = CYLINDRICAL_SURFACE ( 'NONE', #1431, 0.4000000000000004663 ) ;
#1107 = EDGE_LOOP ( 'NONE', ( #192, #2952, #1766, #1561, #239 ) ) ;
#1108 = CARTESIAN_POINT ( 'NONE',  ( -8.000000000000000000, 35.20000000000000284, -4.949999999999998401 ) ) ;
#1109 = ORIENTED_EDGE ( 'NONE', *, *, #363, .T. ) ;
#1110 = DIRECTION ( 'NONE',  ( 0.000000000000000000, 0.000000000000000000, 1.000000000000000000 ) ) ;
#1111 = VERTEX_POINT ( 'NONE', #1212 ) ;
#1112 = DIRECTION ( 'NONE',  ( 0.000000000000000000, 0.000000000000000000, 1.000000000000000000 ) ) ;
#1113 = CYLINDRICAL_SURFACE ( 'NONE', #677, 1.250000000000000222 ) ;
#1114 = AXIS2_PLACEMENT_3D ( 'NONE', #2332, #2582, #1199 ) ;
#1115 = CARTESIAN_POINT ( 'NONE',  ( 5.000000000000000000, 32.70000000000000284, -9.999999999999998224 ) ) ;
#1116 = EDGE_CURVE ( 'NONE', #236, #1967, #305, .T. ) ;
#1117 = VERTEX_POINT ( 'NONE', #2109 ) ;
#1118 = CARTESIAN_POINT ( 'NONE',  ( -4.000000000000000000, 28.69999999999999574, 3.000000000000000444 ) ) ;
#1119 = CARTESIAN_POINT ( 'NONE',  ( 4.283254797250467760, -15.00000000000000000, -0.004999999999999579434 ) ) ;
#1120 = ORIENTED_EDGE ( 'NONE', *, *, #1762, .F. ) ;
#1121 = DIRECTION ( 'NONE',  ( 0.000000000000000000, 0.000000000000000000, -1.000000000000000000 ) ) ;
#1122 = ORIENTED_EDGE ( 'NONE', *, *, #2482, .T. ) ;
#1123 = VECTOR ( 'NONE', #357, 1000.000000000000000 ) ;
#1124 = UNCERTAINTY_MEASURE_WITH_UNIT (LENGTH_MEASURE( 1.000000000000000082E-05 ), #1906, 'distance_accuracy_value', 'NONE');
#1125 = ORIENTED_EDGE ( 'NONE', *, *, #2761, .F. ) ;
#1126 = DIRECTION ( 'NONE',  ( 0.000000000000000000, -0.000000000000000000, -1.000000000000000000 ) ) ;
#1127 = DIRECTION ( 'NONE',  ( 0.000000000000000000, 1.000000000000000000, 0.000000000000000000 ) ) ;
#1128 = CARTESIAN_POINT ( 'NONE',  ( 5.113744485773652038, 32.53914074318927163, -10.00000000000000000 ) ) ;
#1129 = LINE ( 'NONE', #1891, #1051 ) ;
#1130 = EDGE_CURVE ( 'NONE', #2246, #1093, #2353, .T. ) ;
#1131 = CARTESIAN_POINT ( 'NONE',  ( 6.000000000000000000, 37.20000000000000284, 1.500000000000000000 ) ) ;
#1132 = EDGE_CURVE ( 'NONE', #2053, #1807, #1241, .T. ) ;
#1133 = CARTESIAN_POINT ( 'NONE',  ( 3.999999999999998224, 33.20000000000000995, 1.500000000000000000 ) ) ;
#1134 = ORIENTED_EDGE ( 'NONE', *, *, #2, .T. ) ;
#1135 = DIRECTION ( 'NONE',  ( 1.000000000000000000, 0.000000000000000000, 0.000000000000000000 ) ) ;
#1136 = ORIENTED_EDGE ( 'NONE', *, *, #1198, .T. ) ;
#1137 = CARTESIAN_POINT ( 'NONE',  ( -4.000000000000000000, 38.00000000000000000, 5.000000000000000000 ) ) ;
#1138 = ORIENTED_EDGE ( 'NONE', *, *, #272, .T. ) ;
#1139 = CARTESIAN_POINT ( 'NONE',  ( 8.000000000000000000, 37.81823265331762940, -4.199999999999999289 ) ) ;
#1140 = EDGE_CURVE ( 'NONE', #1817, #934, #1527, .T. ) ;
#1141 = EDGE_CURVE ( 'NONE', #86, #1173, #862, .T. ) ;
#1142 = AXIS2_PLACEMENT_3D ( 'NONE', #499, #1822, #1596 ) ;
#1143 = DIRECTION ( 'NONE',  ( 0.000000000000000000, 0.000000000000000000, -1.000000000000000000 ) ) ;
#1144 = CARTESIAN_POINT ( 'NONE',  ( -3.999999999999986233, 28.69999999999999574, -5.000000000000000000 ) ) ;
#1145 = CARTESIAN_POINT ( 'NONE',  ( 5.000000000000000000, 38.00000000000000000, -7.999999999999998224 ) ) ;
#1146 = CIRCLE ( 'NONE', #2162, 1.000000000000000000 ) ;
#1147 = AXIS2_PLACEMENT_3D ( 'NONE', #2257, #1081, #444 ) ;
#1148 = AXIS2_PLACEMENT_3D ( 'NONE', #2762, #1750, #642 ) ;
#1149 = AXIS2_PLACEMENT_3D ( 'NONE', #63, #2803, #1268 ) ;
#1150 = ORIENTED_EDGE ( 'NONE', *, *, #2677, .F. ) ;
#1151 = CARTESIAN_POINT ( 'NONE',  ( 4.283254797250468648, -15.00000000000000000, 0.004999999999999579434 ) ) ;
#1152 = DIRECTION ( 'NONE',  ( 0.000000000000000000, 0.000000000000000000, -1.000000000000000000 ) ) ;
#1153 = DIRECTION ( 'NONE',  ( 0.000000000000000000, 0.000000000000000000, 1.000000000000000000 ) ) ;
#1154 = ORIENTED_EDGE ( 'NONE', *, *, #1130, .T. ) ;
#1155 = VECTOR ( 'NONE', #981, 1000.000000000000000 ) ;
#1156 = EDGE_CURVE ( 'NONE', #1744, #2509, #2812, .T. ) ;
#1157 = CARTESIAN_POINT ( 'NONE',  ( 4.283254797250468648, -15.00000000000000000, 0.8050000000000004929 ) ) ;
#1158 = ORIENTED_EDGE ( 'NONE', *, *, #490, .F. ) ;
#1159 = VERTEX_POINT ( 'NONE', #508 ) ;
#1160 = LINE ( 'NONE', #922, #2745 ) ;
#1161 = CARTESIAN_POINT ( 'NONE',  ( 6.999999999999999112, 36.20000000000000284, -5.700000000000000178 ) ) ;
#1162 = FACE_OUTER_BOUND ( 'NONE', #919, .T. ) ;
#1163 = EDGE_CURVE ( 'NONE', #2062, #2909, #10, .T. ) ;
#1164 = FACE_OUTER_BOUND ( 'NONE', #2655, .T. ) ;
#1165 = DIRECTION ( 'NONE',  ( -0.7071067811865457964, 8.659560562354953812E-17, -0.7071067811865492381 ) ) ;
#1166 = AXIS2_PLACEMENT_3D ( 'NONE', #2262, #1585, #1112 ) ;
#1167 = ADVANCED_FACE ( 'NONE', ( #1170 ), #42, .T. ) ;
#1168 = DIRECTION ( 'NONE',  ( 0.000000000000000000, 0.000000000000000000, -1.000000000000000000 ) ) ;
#1169 = VECTOR ( 'NONE', #2951, 1000.000000000000000 ) ;
#1170 = FACE_OUTER_BOUND ( 'NONE', #2785, .T. ) ;
#1171 = EDGE_LOOP ( 'NONE', ( #2527, #350, #2002, #391 ) ) ;
#1172 = DIRECTION ( 'NONE',  ( 0.000000000000000000, 0.000000000000000000, -1.000000000000000000 ) ) ;
#1173 = VERTEX_POINT ( 'NONE', #714 ) ;
#1174 = CC_DESIGN_SECURITY_CLASSIFICATION ( #2712, ( #1074 ) ) ;
#1175 = CARTESIAN_POINT ( 'NONE',  ( 7.000000000000000000, 37.81823265331762940, -4.199999999999999289 ) ) ;
#1176 = ORIENTED_EDGE ( 'NONE', *, *, #1534, .T. ) ;
#1177 = AXIS2_PLACEMENT_3D ( 'NONE', #1401, #286, #2590 ) ;
#1178 = ORIENTED_EDGE ( 'NONE', *, *, #2057, .F. ) ;
#1179 = DIRECTION ( 'NONE',  ( 1.000000000000000000, -0.000000000000000000, -0.000000000000000000 ) ) ;
#1180 = EDGE_CURVE ( 'NONE', #1628, #2062, #2537, .T. ) ;
#1181 = CARTESIAN_POINT ( 'NONE',  ( -8.000000000000000000, 35.20000000000000284, -6.199999999999999289 ) ) ;
#1182 = CARTESIAN_POINT ( 'NONE',  ( -8.000000000000000000, 35.20000000000000284, -4.949999999999998401 ) ) ;
#1183 = DIRECTION ( 'NONE',  ( 1.000000000000000000, -0.000000000000000000, -0.000000000000000000 ) ) ;
#1184 = CARTESIAN_POINT ( 'NONE',  ( 4.283254797250468648, -15.00000000000000000, 0.004999999999999579434 ) ) ;
#1185 = VERTEX_POINT ( 'NONE', #815 ) ;
#1186 = ORIENTED_EDGE ( 'NONE', *, *, #1610, .T. ) ;
#1187 = DIRECTION ( 'NONE',  ( 1.000000000000000000, 0.000000000000000000, 0.000000000000000000 ) ) ;
#1188 = ORIENTED_EDGE ( 'NONE', *, *, #272, .F. ) ;
#1189 = ORIENTED_EDGE ( 'NONE', *, *, #176, .T. ) ;
#1190 = ADVANCED_FACE ( 'NONE', ( #2198 ), #2661, .F. ) ;
#1191 = CARTESIAN_POINT ( 'NONE',  ( -4.000000000000000000, 30.69999999999999929, -3.000000000000000444 ) ) ;
#1192 = VECTOR ( 'NONE', #1839, 1000.000000000000000 ) ;
#1193 = CARTESIAN_POINT ( 'NONE',  ( -5.651889555196320636, 39.65188955519639080, 4.186537730568425708 ) ) ;
#1194 = CIRCLE ( 'NONE', #1581, 2.000000000000002665 ) ;
#1195 = AXIS2_PLACEMENT_3D ( 'NONE', #99, #2618, #1065 ) ;
#1196 = DIRECTION ( 'NONE',  ( 0.7071067811865465735, 0.000000000000000000, -0.7071067811865483499 ) ) ;
#1197 = VECTOR ( 'NONE', #730, 1000.000000000000114 ) ;
#1198 = EDGE_CURVE ( 'NONE', #2723, #1410, #1045, .T. ) ;
#1199 = DIRECTION ( 'NONE',  ( 0.000000000000000000, 0.000000000000000000, -1.000000000000000000 ) ) ;
#1200 = FACE_OUTER_BOUND ( 'NONE', #123, .T. ) ;
#1201 = CARTESIAN_POINT ( 'NONE',  ( -3.500000000000000000, 37.20000000000000284, 2.300000000000001599 ) ) ;
#1202 = ADVANCED_FACE ( 'NONE', ( #2839, #2610, #2387, #830 ), #579, .T. ) ;
#1203 = ORIENTED_EDGE ( 'NONE', *, *, #859, .T. ) ;
#1204 = FACE_OUTER_BOUND ( 'NONE', #2441, .T. ) ;
#1205 = DIRECTION ( 'NONE',  ( 1.000000000000000000, 0.000000000000000000, 0.000000000000000000 ) ) ;
#1206 = CARTESIAN_POINT ( 'NONE',  ( -8.000000000000000000, 35.20000000000000284, -4.949999999999998401 ) ) ;
#1207 = CARTESIAN_POINT ( 'NONE',  ( -5.735663188785165900, 38.86783159439261937, 4.002301362163425580 ) ) ;
#1208 = DIRECTION ( 'NONE',  ( 0.000000000000000000, 0.000000000000000000, -1.000000000000000000 ) ) ;
#1209 = CARTESIAN_POINT ( 'NONE',  ( 7.000000000000000000, 37.81823265331762940, -5.699999999999999289 ) ) ;
#1210 = CARTESIAN_POINT ( 'NONE',  ( -3.999999999999986233, 28.69999999999999574, 5.000000000000000000 ) ) ;
#1211 = ADVANCED_FACE ( 'NONE', ( #1686 ), #2436, .T. ) ;
#1212 = CARTESIAN_POINT ( 'NONE',  ( -7.800000000000006928, 35.95000000000000284, -5.949999999999998401 ) ) ;
#1213 = CIRCLE ( 'NONE', #2418, 0.4000000000000004108 ) ;
#1214 = ORIENTED_EDGE ( 'NONE', *, *, #948, .F. ) ;
#1215 = DIRECTION ( 'NONE',  ( 0.000000000000000000, 0.000000000000000000, 1.000000000000000000 ) ) ;
#1216 = AXIS2_PLACEMENT_3D ( 'NONE', #1712, #2831, #2354 ) ;
#1217 = DIRECTION ( 'NONE',  ( 1.000000000000000000, 0.000000000000000000, 0.000000000000000000 ) ) ;
#1218 = ORIENTED_EDGE ( 'NONE', *, *, #69, .T. ) ;
#1219 = LOCAL_TIME ( 16, 32, 55.00000000000000000, #2898 ) ;
#1220 = CONICAL_SURFACE ( 'NONE', #1028, 0.8000000000000015987, 0.7853981633974539411 ) ;
#1221 = APPLICATION_PROTOCOL_DEFINITION ( 'international standard', 'config_control_design', 1994, #732 ) ;
#1222 = AXIS2_PLACEMENT_3D ( 'NONE', #1131, #1620, #2058 ) ;
#1223 = EDGE_CURVE ( 'NONE', #1947, #1807, #159, .T. ) ;
#1224 = CARTESIAN_POINT ( 'NONE',  ( -8.000000000000000000, 34.45000000000000284, -3.095950378226080435 ) ) ;
#1225 = DIRECTION ( 'NONE',  ( -1.000000000000000000, -0.000000000000000000, -0.000000000000000000 ) ) ;
#1226 = DIRECTION ( 'NONE',  ( 1.000000000000000000, 0.000000000000000000, 0.000000000000000000 ) ) ;
#1227 = CARTESIAN_POINT ( 'NONE',  ( 0.000000000000000000, 28.69999999999999574, -5.000000000000000000 ) ) ;
#1228 = ORIENTED_EDGE ( 'NONE', *, *, #390, .T. ) ;
#1229 = FACE_OUTER_BOUND ( 'NONE', #2013, .T. ) ;
#1230 = CARTESIAN_POINT ( 'NONE',  ( 7.865208532137202724, 34.11848933482841773, -5.700000000000000178 ) ) ;
#1231 = EDGE_LOOP ( 'NONE', ( #1763, #1122, #1792, #796, #1595, #826 ) ) ;
#1232 = CARTESIAN_POINT ( 'NONE',  ( -7.800000000000006928, 34.45000000000000284, -3.949999999999998845 ) ) ;
#1233 = EDGE_CURVE ( 'NONE', #189, #1099, #2068, .T. ) ;
#1234 = FACE_OUTER_BOUND ( 'NONE', #842, .T. ) ;
#1235 = FACE_OUTER_BOUND ( 'NONE', #2862, .T. ) ;
#1236 = FACE_OUTER_BOUND ( 'NONE', #1547, .T. ) ;
#1237 = ORIENTED_EDGE ( 'NONE', *, *, #2544, .F. ) ;
#1238 = EDGE_LOOP ( 'NONE', ( #30, #2308, #2161, #3 ) ) ;
#1239 = DIRECTION ( 'NONE',  ( 0.000000000000000000, 0.000000000000000000, -1.000000000000000000 ) ) ;
#1240 = AXIS2_PLACEMENT_3D ( 'NONE', #523, #2137, #2372 ) ;
#1241 = CIRCLE ( 'NONE', #406, 1.000000000000000888 ) ;
#1242 = COORDINATED_UNIVERSAL_TIME_OFFSET ( 8, 0, .AHEAD. ) ;
#1243 = DIRECTION ( 'NONE',  ( -1.000000000000000000, -0.000000000000000000, -0.000000000000000000 ) ) ;
#1244 = CIRCLE ( 'NONE', #1387, 1.449999999999999956 ) ;
#1245 = EDGE_LOOP ( 'NONE', ( #2059, #1512, #1597, #1021, #2797, #2069 ) ) ;
#1246 = CARTESIAN_POINT ( 'NONE',  ( 8.000000000000000000, 35.20000000000000284, -4.949999999999998401 ) ) ;
#1247 = CIRCLE ( 'NONE', #1148, 0.3000000000000020983 ) ;
#1248 = VECTOR ( 'NONE', #1640, 1000.000000000000000 ) ;
#1249 = EDGE_CURVE ( 'NONE', #530, #86, #856, .T. ) ;
#1250 = ORIENTED_EDGE ( 'NONE', *, *, #2849, .T. ) ;
#1251 = FACE_OUTER_BOUND ( 'NONE', #590, .T. ) ;
#1252 = CARTESIAN_POINT ( 'NONE',  ( -6.000000000000000000, 39.00000000000000000, 3.000000000000000000 ) ) ;
#1253 = CARTESIAN_POINT ( 'NONE',  ( -8.000000000000000000, 34.45000000000000284, -6.804049621773916812 ) ) ;
#1254 = LINE ( 'NONE', #589, #2903 ) ;
#1255 = ADVANCED_FACE ( 'NONE', ( #2253 ), #1759, .T. ) ;
#1256 = CARTESIAN_POINT ( 'NONE',  ( 7.000000000000000000, 33.34595037822607821, -5.700000000000000178 ) ) ;
#1257 = VERTEX_POINT ( 'NONE', #1119 ) ;
#1258 = CARTESIAN_POINT ( 'NONE',  ( 8.000000000000000000, 35.20000000000000284, -4.949999999999998401 ) ) ;
#1259 = ADVANCED_FACE ( 'NONE', ( #2005 ), #1106, .T. ) ;
#1260 = EDGE_CURVE ( 'NONE', #1881, #1947, #884, .T. ) ;
#1261 = CARTESIAN_POINT ( 'NONE',  ( 7.932127016263491370, 34.03833836835198667, -4.200000000000000178 ) ) ;
#1262 = ORIENTED_EDGE ( 'NONE', *, *, #2240, .F. ) ;
#1263 = DIRECTION ( 'NONE',  ( -1.000000000000000000, -0.000000000000000000, -0.000000000000000000 ) ) ;
#1264 = EDGE_CURVE ( 'NONE', #2337, #576, #1338, .T. ) ;
#1265 = ORIENTED_EDGE ( 'NONE', *, *, #495, .T. ) ;
#1266 = DIRECTION ( 'NONE',  ( 0.000000000000000000, -1.000000000000000000, 0.000000000000000000 ) ) ;
#1267 = DIRECTION ( 'NONE',  ( 0.000000000000000000, 0.000000000000000000, 1.000000000000000000 ) ) ;
#1268 = DIRECTION ( 'NONE',  ( 0.000000000000000000, 0.000000000000000000, 1.000000000000000000 ) ) ;
#1269 = FACE_BOUND ( 'NONE', #1495, .T. ) ;
#1270 = DIRECTION ( 'NONE',  ( 0.000000000000000000, 0.000000000000000000, -1.000000000000000000 ) ) ;
#1271 = ORIENTED_EDGE ( 'NONE', *, *, #1492, .T. ) ;
#1272 = ORIENTED_EDGE ( 'NONE', *, *, #314, .T. ) ;
#1273 = DIRECTION ( 'NONE',  ( 1.000000000000000000, 0.000000000000000000, 0.000000000000000000 ) ) ;
#1274 = ADVANCED_FACE ( 'NONE', ( #1592 ), #1806, .T. ) ;
#1275 = PLANE ( 'NONE',  #369 ) ;
#1276 = CARTESIAN_POINT ( 'NONE',  ( -7.000000000000000000, 35.20000000000000284, -4.949999999999998401 ) ) ;
#1277 = ORIENTED_EDGE ( 'NONE', *, *, #1008, .T. ) ;
#1278 = CARTESIAN_POINT ( 'NONE',  ( 5.562546386749326999, 39.56254638674948865, 4.303956560950465082 ) ) ;
#1279 = DIRECTION ( 'NONE',  ( 0.000000000000000000, 0.000000000000000000, 1.000000000000000000 ) ) ;
#1280 = CARTESIAN_POINT ( 'NONE',  ( -6.000000000000000000, 35.20000000000000284, -2.949999999999996181 ) ) ;
#1281 = ORIENTED_EDGE ( 'NONE', *, *, #223, .F. ) ;
#1282 = DIRECTION ( 'NONE',  ( -1.000000000000000000, -0.000000000000000000, -0.000000000000000000 ) ) ;
#1283 = CARTESIAN_POINT ( 'NONE',  ( 3.999999999999984457, 37.20000000000000284, 2.300000000000001599 ) ) ;
#1284 = VERTEX_POINT ( 'NONE', #454 ) ;
#1285 = ORIENTED_EDGE ( 'NONE', *, *, #247, .T. ) ;
#1286 = CARTESIAN_POINT ( 'NONE',  ( -8.000000000000000000, 34.20000000000000284, -5.700000000000000178 ) ) ;
#1287 = DIRECTION ( 'NONE',  ( 1.000000000000000000, -0.000000000000000000, -0.000000000000000000 ) ) ;
#1288 = VECTOR ( 'NONE', #447, 1000.000000000000000 ) ;
#1289 = SECURITY_CLASSIFICATION_LEVEL ( 'unclassified' ) ;
#1290 = CC_DESIGN_PERSON_AND_ORGANIZATION_ASSIGNMENT ( #2938, #886, ( #1074 ) ) ;
#1291 = ORIENTED_EDGE ( 'NONE', *, *, #2613, .T. ) ;
#1292 = CIRCLE ( 'NONE', #201, 2.000000000000000000 ) ;
#1293 = CARTESIAN_POINT ( 'NONE',  ( 4.948926100948615847, 39.89785220189719439, 3.644431334305641368 ) ) ;
#1294 = AXIS2_PLACEMENT_3D ( 'NONE', #1108, #2487, #1121 ) ;
#1295 = ORIENTED_EDGE ( 'NONE', *, *, #1694, .F. ) ;
#1296 = AXIS2_PLACEMENT_3D ( 'NONE', #1644, #1421, #1449 ) ;
#1297 = CONICAL_SURFACE ( 'NONE', #2166, 0.9999999999999978906, 0.7853981633974507215 ) ;
#1298 = ADVANCED_FACE ( 'NONE', ( #222 ), #2047, .F. ) ;
#1299 = ORIENTED_EDGE ( 'NONE', *, *, #1835, .F. ) ;
#1300 = ORIENTED_EDGE ( 'NONE', *, *, #2000, .F. ) ;
#1301 = CARTESIAN_POINT ( 'NONE',  ( 3.500000000000000000, 37.20000000000000284, 1.500000000000000000 ) ) ;
#1302 = ORIENTED_EDGE ( 'NONE', *, *, #1562, .T. ) ;
#1303 = CARTESIAN_POINT ( 'NONE',  ( 4.130923286591365873, 38.26184657318128757, 5.000000000000000000 ) ) ;
#1304 = CARTESIAN_POINT ( 'NONE',  ( -5.229093460518715375, 38.61454673025928486, 4.599333664227474472 ) ) ;
#1305 = DIRECTION ( 'NONE',  ( -1.000000000000000000, 0.000000000000000000, 0.000000000000000000 ) ) ;
#1306 = EDGE_LOOP ( 'NONE', ( #482, #2943, #1426, #2940 ) ) ;
#1307 = PLANE ( 'NONE',  #1435 ) ;
#1308 = CARTESIAN_POINT ( 'NONE',  ( 4.283254797250467760, -15.00000000000000000, -1.215000000000000080 ) ) ;
#1309 = AXIS2_PLACEMENT_3D ( 'NONE', #321, #1009, #2340 ) ;
#1310 = CARTESIAN_POINT ( 'NONE',  ( 5.228074271500652515, 32.37748116861045844, -9.980498218943905542 ) ) ;
#1311 = APPROVAL_PERSON_ORGANIZATION ( #551, #332, #989 ) ;
#1312 = CARTESIAN_POINT ( 'NONE',  ( 4.000000000000000000, 28.69999999999999574, 5.000000000000000000 ) ) ;
#1313 = ORIENTED_EDGE ( 'NONE', *, *, #1613, .T. ) ;
#1314 = VECTOR ( 'NONE', #2029, 1000.000000000000000 ) ;
#1315 = APPLICATION_PROTOCOL_DEFINITION ( 'international standard', 'config_control_design', 1994, #376 ) ;
#1316 = ORIENTED_EDGE ( 'NONE', *, *, #2856, .T. ) ;
#1317 = CARTESIAN_POINT ( 'NONE',  ( 4.790665110884746447, 38.79066511088443292, 4.864997699865724279 ) ) ;
#1318 = VECTOR ( 'NONE', #710, 1000.000000000000000 ) ;
#1319 = EDGE_CURVE ( 'NONE', #2671, #12, #927, .T. ) ;
#1320 = LINE ( 'NONE', #2500, #2214 ) ;
#1321 = EDGE_LOOP ( 'NONE', ( #1369, #385 ) ) ;
#1322 = PLANE ( 'NONE',  #108 ) ;
#1323 = EDGE_CURVE ( 'NONE', #810, #483, #2490, .T. ) ;
#1324 = DIRECTION ( 'NONE',  ( -1.000000000000000000, -0.000000000000000000, -0.000000000000000000 ) ) ;
#1325 = EDGE_CURVE ( 'NONE', #1947, #2723, #60, .T. ) ;
#1326 = CARTESIAN_POINT ( 'NONE',  ( 5.446001540359995730, 32.06207644577757065, -9.902483937069927578 ) ) ;
#1327 = ORIENTED_EDGE ( 'NONE', *, *, #1198, .F. ) ;
#1328 = DIRECTION ( 'NONE',  ( 0.000000000000000000, 0.000000000000000000, -1.000000000000000000 ) ) ;
#1329 = FACE_OUTER_BOUND ( 'NONE', #291, .T. ) ;
#1330 = VERTEX_POINT ( 'NONE', #196 ) ;
#1331 = CALENDAR_DATE ( 2025, 28, 7 ) ;
#1332 = CARTESIAN_POINT ( 'NONE',  ( 0.000000000000000000, 0.000000000000000000, 0.000000000000000000 ) ) ;
#1333 = ORIENTED_EDGE ( 'NONE', *, *, #448, .F. ) ;
#1334 = CARTESIAN_POINT ( 'NONE',  ( -4.397438642464877923, 38.39743864246464966, 4.973792812576422584 ) ) ;
#1335 = ORIENTED_EDGE ( 'NONE', *, *, #2915, .T. ) ;
#1336 = DIRECTION ( 'NONE',  ( 0.000000000000000000, 1.000000000000000000, -0.000000000000000000 ) ) ;
#1337 = CIRCLE ( 'NONE', #1732, 0.4000000000000004663 ) ;
#1338 = CIRCLE ( 'NONE', #773, 1.000000000000000000 ) ;
#1339 = VECTOR ( 'NONE', #240, 1000.000000000000000 ) ;
#1340 = LINE ( 'NONE', #2264, #1582 ) ;
#1341 = LINE ( 'NONE', #2790, #1318 ) ;
#1342 = CARTESIAN_POINT ( 'NONE',  ( -7.000000000000000000, 34.45000000000000284, -7.905880620191565455 ) ) ;
#1343 = CARTESIAN_POINT ( 'NONE',  ( 5.800000000000010481, 37.20000000000000284, 1.500000000000000000 ) ) ;
#1344 = CARTESIAN_POINT ( 'NONE',  ( 8.000000000000000000, 37.05404962177392036, -4.199999999999999289 ) ) ;
#1345 = CYLINDRICAL_SURFACE ( 'NONE', #100, 2.000000000000000000 ) ;
#1346 = ORIENTED_EDGE ( 'NONE', *, *, #1672, .T. ) ;
#1347 = CARTESIAN_POINT ( 'NONE',  ( -4.000000000000008882, 33.20000000000000995, 2.300000000000001599 ) ) ;
#1348 = ORIENTED_EDGE ( 'NONE', *, *, #1834, .F. ) ;
#1349 = CIRCLE ( 'NONE', #785, 2.000000000000002665 ) ;
#1350 = CARTESIAN_POINT ( 'NONE',  ( 5.000000000000000000, 40.00000000000000000, -8.999999999999998224 ) ) ;
#1351 = EDGE_CURVE ( 'NONE', #541, #2434, #896, .T. ) ;
#1352 = DIRECTION ( 'NONE',  ( 0.000000000000000000, 0.000000000000000000, 1.000000000000000000 ) ) ;
#1353 = DIRECTION ( 'NONE',  ( -0.000000000000000000, 1.000000000000000000, -0.000000000000000000 ) ) ;
#1354 = CARTESIAN_POINT ( 'NONE',  ( -3.999999999999986233, 28.69999999999999574, 5.000000000000000000 ) ) ;
#1355 = APPROVAL_PERSON_ORGANIZATION ( #2017, #1826, #2483 ) ;
#1356 = ORIENTED_EDGE ( 'NONE', *, *, #1039, .T. ) ;
#1357 = VECTOR ( 'NONE', #1960, 1000.000000000000000 ) ;
#1358 = DIRECTION ( 'NONE',  ( 0.000000000000000000, 0.000000000000000000, -1.000000000000000000 ) ) ;
#1359 = B_SPLINE_CURVE_WITH_KNOTS ( 'NONE', 3,
 ( #1232, #599, #104, #1710 ),
 .UNSPECIFIED., .F., .F.,
 ( 4, 4 ),
 ( 0.000000000000000000, 0.0003131537494615419144 ),
 .UNSPECIFIED. ) ;
#1360 = ORIENTED_EDGE ( 'NONE', *, *, #664, .T. ) ;
#1361 = AXIS2_PLACEMENT_3D ( 'NONE', #292, #1740, #2413 ) ;
#1362 = CARTESIAN_POINT ( 'NONE',  ( 4.283254797250467760, 0.000000000000000000, -0.4050000000000000266 ) ) ;
#1363 = VERTEX_POINT ( 'NONE', #2724 ) ;
#1364 = VERTEX_POINT ( 'NONE', #674 ) ;
#1365 = CARTESIAN_POINT ( 'NONE',  ( -8.000000000000000000, 36.20000000000000284, -4.199999999999999289 ) ) ;
#1366 = CARTESIAN_POINT ( 'NONE',  ( -3.999999999999986233, 38.00000000000000000, 5.000000000000000000 ) ) ;
#1367 = CARTESIAN_POINT ( 'NONE',  ( 0.000000000000000000, 28.69999999999999574, 0.000000000000000000 ) ) ;
#1368 = CARTESIAN_POINT ( 'NONE',  ( 4.000000000000000000, 38.00000000000000000, 5.000000000000000000 ) ) ;
#1369 = ORIENTED_EDGE ( 'NONE', *, *, #212, .F. ) ;
#1370 = CARTESIAN_POINT ( 'NONE',  ( 0.000000000000000000, 30.69999999999999929, -4.999999999999999112 ) ) ;
#1371 = DIRECTION ( 'NONE',  ( 0.000000000000000000, 0.000000000000000000, 1.000000000000000000 ) ) ;
#1372 = DIRECTION ( 'NONE',  ( -1.000000000000000000, -0.000000000000000000, -0.000000000000000000 ) ) ;
#1373 = CARTESIAN_POINT ( 'NONE',  ( -4.000000000000000000, 38.00000000000000000, 5.000000000000000000 ) ) ;
#1374 = CARTESIAN_POINT ( 'NONE',  ( -3.500000000000000000, 33.20000000000000995, 1.500000000000000000 ) ) ;
#1375 = ORIENTED_EDGE ( 'NONE', *, *, #1325, .T. ) ;
#1376 = EDGE_LOOP ( 'NONE', ( #2433, #2891, #2546, #258 ) ) ;
#1377 = CARTESIAN_POINT ( 'NONE',  ( 7.799999999999998046, 36.20000000000000284, -5.700000000000000178 ) ) ;
#1378 = CIRCLE ( 'NONE', #1768, 4.999999999999999112 ) ;
#1379 = ADVANCED_FACE ( 'NONE', ( #2055 ), #163, .T. ) ;
#1380 = VERTEX_POINT ( 'NONE', #2596 ) ;
#1381 = AXIS2_PLACEMENT_3D ( 'NONE', #28, #2783, #687 ) ;
#1382 = VECTOR ( 'NONE', #2923, 1000.000000000000000 ) ;
#1383 = CARTESIAN_POINT ( 'NONE',  ( -4.000000000000000000, 28.69999999999999574, 3.000000000000000444 ) ) ;
#1384 = CARTESIAN_POINT ( 'NONE',  ( 4.283254797250468648, -15.00000000000000000, 1.215000000000000080 ) ) ;
#1385 = CARTESIAN_POINT ( 'NONE',  ( -7.000000000000000000, 35.20000000000000284, -2.949999999999996181 ) ) ;
#1386 = ADVANCED_FACE ( 'NONE', ( #1935 ), #2186, .T. ) ;
#1387 = AXIS2_PLACEMENT_3D ( 'NONE', #1688, #570, #1002 ) ;
#1388 = CIRCLE ( 'NONE', #1827, 1.000000000000000000 ) ;
#1389 = DIRECTION ( 'NONE',  ( 0.000000000000000000, 0.000000000000000000, 1.000000000000000000 ) ) ;
#1390 = LINE ( 'NONE', #767, #2298 ) ;
#1391 = ORIENTED_EDGE ( 'NONE', *, *, #803, .T. ) ;
#1392 = CARTESIAN_POINT ( 'NONE',  ( 3.999999999999984457, 37.20000000000000284, 1.500000000000000000 ) ) ;
#1393 = EDGE_LOOP ( 'NONE', ( #1518, #1702, #419, #1299, #778, #441 ) ) ;
#1394 = CARTESIAN_POINT ( 'NONE',  ( -6.000000000000000000, 30.96794919243112076, -8.999999999999998224 ) ) ;
#1395 = ORIENTED_EDGE ( 'NONE', *, *, #672, .F. ) ;
#1396 = LINE ( 'NONE', #1175, #1192 ) ;
#1397 = ORIENTED_EDGE ( 'NONE', *, *, #2367, .F. ) ;
#1398 = EDGE_LOOP ( 'NONE', ( #346, #840 ) ) ;
#1399 = EDGE_CURVE ( 'NONE', #1884, #140, #2202, .T. ) ;
#1400 = CARTESIAN_POINT ( 'NONE',  ( 4.283254797250468648, 0.000000000000000000, 0.8050000000000004929 ) ) ;
#1401 = CARTESIAN_POINT ( 'NONE',  ( -7.000000000000000000, 35.20000000000000284, -4.949999999999998401 ) ) ;
#1402 = CARTESIAN_POINT ( 'NONE',  ( -5.000000000000000000, 32.70000000000000284, -9.999999999999998224 ) ) ;
#1403 = DIRECTION ( 'NONE',  ( 0.000000000000000000, 0.000000000000000000, -1.000000000000000000 ) ) ;
#1404 = CARTESIAN_POINT ( 'NONE',  ( 7.000000000000000000, 37.81823265331762940, -5.699999999999999289 ) ) ;
#1405 = VERTEX_POINT ( 'NONE', #834 ) ;
#1406 = CARTESIAN_POINT ( 'NONE',  ( -3.500000000000000000, 33.20000000000000995, 1.500000000000000000 ) ) ;
#1407 = VECTOR ( 'NONE', #2700, 1000.000000000000000 ) ;
#1408 = DIRECTION ( 'NONE',  ( 0.000000000000000000, 0.000000000000000000, -1.000000000000000000 ) ) ;
#1409 = DIRECTION ( 'NONE',  ( 0.000000000000000000, 0.000000000000000000, -1.000000000000000000 ) ) ;
#1410 = VERTEX_POINT ( 'NONE', #2408 ) ;
#1411 = VECTOR ( 'NONE', #1693, 1000.000000000000000 ) ;
#1412 = CARTESIAN_POINT ( 'NONE',  ( 0.000000000000000000, 38.00000000000000000, 3.000000000000000000 ) ) ;
#1413 = EDGE_LOOP ( 'NONE', ( #195, #2048, #1067, #752, #2107, #2620, #26, #1271, #1078 ) ) ;
#1414 = CIRCLE ( 'NONE', #1177, 1.250000000000000222 ) ;
#1415 = VERTEX_POINT ( 'NONE', #1020 ) ;
#1416 = EDGE_CURVE ( 'NONE', #2902, #2337, #1950, .T. ) ;
#1417 = CARTESIAN_POINT ( 'NONE',  ( -6.000000000000000000, 33.20000000000000995, 1.500000000000000000 ) ) ;
#1418 = EDGE_CURVE ( 'NONE', #2639, #669, #1320, .T. ) ;
#1419 = DIRECTION ( 'NONE',  ( 0.7071067811865435759, 0.000000000000000000, -0.7071067811865515695 ) ) ;
#1420 = CARTESIAN_POINT ( 'NONE',  ( -4.000000000000008882, 37.20000000000000284, 2.300000000000001599 ) ) ;
#1421 = DIRECTION ( 'NONE',  ( 1.000000000000000000, 0.000000000000000000, 0.000000000000000000 ) ) ;
#1422 = DIRECTION ( 'NONE',  ( -1.000000000000000000, -0.000000000000000000, -0.000000000000000000 ) ) ;
#1423 = CARTESIAN_POINT ( 'NONE',  ( 5.800000000000009592, 33.20000000000000995, 2.300000000000001599 ) ) ;
#1424 = ORIENTED_EDGE ( 'NONE', *, *, #149, .F. ) ;
#1425 = FACE_OUTER_BOUND ( 'NONE', #2936, .T. ) ;
#1426 = ORIENTED_EDGE ( 'NONE', *, *, #1795, .F. ) ;
#1427 = DIRECTION ( 'NONE',  ( 0.000000000000000000, 0.000000000000000000, 1.000000000000000000 ) ) ;
#1428 = CARTESIAN_POINT ( 'NONE',  ( -5.000000000000000000, 38.00000000000000000, -9.999999999999998224 ) ) ;
#1429 = AXIS2_PLACEMENT_3D ( 'NONE', #1350, #1336, #2512 ) ;
#1430 = AXIS2_PLACEMENT_3D ( 'NONE', #330, #98, #121 ) ;
#1431 = AXIS2_PLACEMENT_3D ( 'NONE', #1539, #2031, #2953 ) ;
#1432 = DIRECTION ( 'NONE',  ( 0.000000000000000000, -1.000000000000000000, 0.000000000000000000 ) ) ;
#1433 = FACE_OUTER_BOUND ( 'NONE', #1107, .T. ) ;
#1434 = DIRECTION ( 'NONE',  ( 0.000000000000000000, 1.000000000000000000, 0.000000000000000000 ) ) ;
#1435 = AXIS2_PLACEMENT_3D ( 'NONE', #181, #1084, #988 ) ;
#1436 = LINE ( 'NONE', #2313, #1197 ) ;
#1437 = CARTESIAN_POINT ( 'NONE',  ( 6.000000000000000888, 32.70000000000000284, -7.999999999999998224 ) ) ;
#1438 = DATE_AND_TIME ( #2646, #605 ) ;
#1439 = VERTEX_POINT ( 'NONE', #1347 ) ;
#1440 = DIRECTION ( 'NONE',  ( 0.000000000000000000, 1.000000000000000000, 0.000000000000000000 ) ) ;
#1441 = DIRECTION ( 'NONE',  ( 0.000000000000000000, 0.000000000000000000, 1.000000000000000000 ) ) ;
#1442 = EDGE_LOOP ( 'NONE', ( #1593, #688 ) ) ;
#1443 = EDGE_CURVE ( 'NONE', #1100, #1380, #1824, .T. ) ;
#1444 = CARTESIAN_POINT ( 'NONE',  ( -7.000000000000000000, 34.45000000000000284, -7.905880620191565455 ) ) ;
#1445 = CARTESIAN_POINT ( 'NONE',  ( -8.000000000000000000, 35.95000000000000284, -6.804049621773916812 ) ) ;
#1446 = CARTESIAN_POINT ( 'NONE',  ( -6.000000000000000000, 39.00000000000000000, 3.000000000000000000 ) ) ;
#1447 = CARTESIAN_POINT ( 'NONE',  ( 6.000000000000000000, 33.20000000000000995, 1.500000000000000000 ) ) ;
#1448 = DIRECTION ( 'NONE',  ( 1.000000000000000000, 0.000000000000000000, -0.000000000000000000 ) ) ;
#1449 = DIRECTION ( 'NONE',  ( 0.000000000000000000, 0.000000000000000000, 1.000000000000000000 ) ) ;
#1450 = ADVANCED_FACE ( 'NONE', ( #2228 ), #2271, .T. ) ;
#1451 = ORIENTED_EDGE ( 'NONE', *, *, #2791, .F. ) ;
#1452 = DIRECTION ( 'NONE',  ( 0.000000000000000000, 0.000000000000000000, -1.000000000000000000 ) ) ;
#1453 = VECTOR ( 'NONE', #721, 1000.000000000000000 ) ;
#1454 = FACE_OUTER_BOUND ( 'NONE', #1089, .T. ) ;
#1455 = ORIENTED_EDGE ( 'NONE', *, *, #326, .F. ) ;
#1456 = CIRCLE ( 'NONE', #426, 0.8000000000000015987 ) ;
#1457 = DIRECTION ( 'NONE',  ( 1.000000000000000000, 0.000000000000000000, 0.000000000000000000 ) ) ;
#1458 = FACE_OUTER_BOUND ( 'NONE', #904, .T. ) ;
#1459 = AXIS2_PLACEMENT_3D ( 'NONE', #2110, #2572, #2346 ) ;
#1460 = CARTESIAN_POINT ( 'NONE',  ( 7.799999999999998046, 35.20000000000000284, -6.199999999999999289 ) ) ;
#1461 = LINE ( 'NONE', #1695, #2668 ) ;
#1462 = VERTEX_POINT ( 'NONE', #2955 ) ;
#1463 = DIRECTION ( 'NONE',  ( 0.000000000000000000, 0.000000000000000000, -1.000000000000000000 ) ) ;
#1464 = ORIENTED_EDGE ( 'NONE', *, *, #1039, .F. ) ;
#1465 = CARTESIAN_POINT ( 'NONE',  ( 0.000000000000000000, 28.69999999999999574, 5.000000000000000000 ) ) ;
#1466 = EDGE_CURVE ( 'NONE', #2694, #888, #2049, .T. ) ;
#1467 = EDGE_CURVE ( 'NONE', #1439, #641, #2941, .T. ) ;
#1468 = CARTESIAN_POINT ( 'NONE',  ( 4.283254797250467760, -15.00000000000000000, -1.615000000000000657 ) ) ;
#1469 = VERTEX_POINT ( 'NONE', #226 ) ;
#1470 = CARTESIAN_POINT ( 'NONE',  ( 8.000000000000000000, 35.20000000000000284, -4.949999999999998401 ) ) ;
#1471 = VERTEX_POINT ( 'NONE', #427 ) ;
#1472 = EDGE_CURVE ( 'NONE', #227, #1159, #9, .T. ) ;
#1473 = DIRECTION ( 'NONE',  ( 0.000000000000000000, 1.000000000000000000, 0.000000000000000000 ) ) ;
#1474 = LINE ( 'NONE', #2397, #2040 ) ;
#1475 = EDGE_CURVE ( 'NONE', #1364, #2683, #2469, .T. ) ;
#1476 = EDGE_CURVE ( 'NONE', #2037, #2909, #1818, .T. ) ;
#1477 = CARTESIAN_POINT ( 'NONE',  ( -6.000000000000000000, 39.00000000000000000, 2.999999999999985789 ) ) ;
#1478 = ORIENTED_EDGE ( 'NONE', *, *, #1325, .F. ) ;
#1479 = ORIENTED_EDGE ( 'NONE', *, *, #587, .F. ) ;
#1480 = DIRECTION ( 'NONE',  ( 1.000000000000000000, 0.000000000000000000, 0.000000000000000000 ) ) ;
#1481 = B_SPLINE_CURVE_WITH_KNOTS ( 'NONE', 3,
 ( #92, #1924, #2807, #745 ),
 .UNSPECIFIED., .F., .F.,
 ( 4, 4 ),
 ( 0.000000000000000000, 0.0003131537494615412097 ),
 .UNSPECIFIED. ) ;
#1482 = AXIS2_PLACEMENT_3D ( 'NONE', #455, #22, #928 ) ;
#1483 = AXIS2_PLACEMENT_3D ( 'NONE', #1437, #972, #1152 ) ;
#1484 = CARTESIAN_POINT ( 'NONE',  ( 8.000000000000000000, 35.20000000000000284, -4.949999999999998401 ) ) ;
#1485 = CARTESIAN_POINT ( 'NONE',  ( 6.000000000000000000, 30.69999999999999929, 2.999999999999986677 ) ) ;
#1486 = ORIENTED_EDGE ( 'NONE', *, *, #2318, .F. ) ;
#1487 = CARTESIAN_POINT ( 'NONE',  ( 5.735663188785153466, 38.86783159439259805, 4.002301362163442455 ) ) ;
#1488 = DIRECTION ( 'NONE',  ( 0.000000000000000000, 9.570888143320309182E-15, -1.000000000000000000 ) ) ;
#1489 = CIRCLE ( 'NONE', #1103, 0.4000000000000004663 ) ;
#1490 = ORIENTED_EDGE ( 'NONE', *, *, #2057, .T. ) ;
#1491 = FACE_OUTER_BOUND ( 'NONE', #979, .T. ) ;
#1492 = EDGE_CURVE ( 'NONE', #1173, #2053, #667, .T. ) ;
#1493 = CARTESIAN_POINT ( 'NONE',  ( -3.999999999999986233, 28.69999999999999574, -5.000000000000000000 ) ) ;
#1494 = CARTESIAN_POINT ( 'NONE',  ( -8.000000000000000000, 35.95000000000000284, -6.804049621773916812 ) ) ;
#1495 = EDGE_LOOP ( 'NONE', ( #422, #260 ) ) ;
#1496 = ORIENTED_EDGE ( 'NONE', *, *, #103, .F. ) ;
#1497 = DIRECTION ( 'NONE',  ( 0.000000000000000000, 0.000000000000000000, 1.000000000000000000 ) ) ;
#1498 = EDGE_LOOP ( 'NONE', ( #2760, #329, #566, #166 ) ) ;
#1499 = CARTESIAN_POINT ( 'NONE',  ( 3.999999999999996447, 38.00000000000000000, 5.000000000000000000 ) ) ;
#1500 = EDGE_CURVE ( 'NONE', #1716, #2930, #1530, .T. ) ;
#1501 = CARTESIAN_POINT ( 'NONE',  ( -4.000000000000000000, 28.69999999999999574, -3.000000000000000444 ) ) ;
#1502 = VECTOR ( 'NONE', #2404, 1000.000000000000000 ) ;
#1503 = ORIENTED_EDGE ( 'NONE', *, *, #2010, .T. ) ;
#1504 = DIRECTION ( 'NONE',  ( 1.000000000000000000, 0.000000000000000000, 0.000000000000000000 ) ) ;
#1505 = CARTESIAN_POINT ( 'NONE',  ( 6.000000000000000000, 37.20000000000000284, 2.499999999999993339 ) ) ;
#1506 = ORGANIZATION ( '未', '未', '' ) ;
#1507 = FACE_BOUND ( 'NONE', #2307, .T. ) ;
#1508 = CARTESIAN_POINT ( 'NONE',  ( 8.000000000000000000, 37.81823265331762940, -4.199999999999999289 ) ) ;
#1509 = ORIENTED_EDGE ( 'NONE', *, *, #2577, .T. ) ;
#1510 = EDGE_CURVE ( 'NONE', #2538, #2187, #2827, .T. ) ;
#1511 = CIRCLE ( 'NONE', #2429, 0.9999999999999991118 ) ;
#1512 = ORIENTED_EDGE ( 'NONE', *, *, #2391, .T. ) ;
#1513 = FACE_OUTER_BOUND ( 'NONE', #300, .T. ) ;
#1514 = DIRECTION ( 'NONE',  ( 0.000000000000000000, 0.000000000000000000, 1.000000000000000000 ) ) ;
#1515 = ORIENTED_EDGE ( 'NONE', *, *, #2386, .T. ) ;
#1516 = ADVANCED_FACE ( 'NONE', ( #2283 ), #1571, .T. ) ;
#1517 = ADVANCED_FACE ( 'NONE', ( #1861 ), #997, .F. ) ;
#1518 = ORIENTED_EDGE ( 'NONE', *, *, #1812, .F. ) ;
#1519 = B_SPLINE_CURVE_WITH_KNOTS ( 'NONE', 3,
 ( #1394, #1856, #44, #2573, #1838, #1821, #2285, #481, #2299, #59 ),
 .UNSPECIFIED., .F., .F.,
 ( 4, 2, 2, 2, 4 ),
 ( 0.000000000000000000, 0.0005853331925781119329, 0.001170666385156223866, 0.001755999577734335907, 0.002341332770312447732 ),
 .UNSPECIFIED. ) ;
#1520 = CYLINDRICAL_SURFACE ( 'NONE', #2548, 4.999999999999999112 ) ;
#1521 = DIRECTION ( 'NONE',  ( -1.000000000000000000, -0.000000000000000000, -0.000000000000000000 ) ) ;
#1522 = ORIENTED_EDGE ( 'NONE', *, *, #2170, .F. ) ;
#1523 = ORIENTED_EDGE ( 'NONE', *, *, #1663, .F. ) ;
#1524 = DIRECTION ( 'NONE',  ( 0.000000000000000000, 0.000000000000000000, -1.000000000000000000 ) ) ;
#1525 = ORIENTED_EDGE ( 'NONE', *, *, #1163, .F. ) ;
#1526 = AXIS2_PLACEMENT_3D ( 'NONE', #1209, #2329, #2357 ) ;
#1527 = CIRCLE ( 'NONE', #153, 0.2999999999999947153 ) ;
#1528 = CARTESIAN_POINT ( 'NONE',  ( -4.503618969496720581, 39.00723793899315694, 4.747572785717100174 ) ) ;
#1529 = CARTESIAN_POINT ( 'NONE',  ( -7.800000000000006928, 34.45000000000000284, -3.949999999999998845 ) ) ;
#1530 = CIRCLE ( 'NONE', #2781, 2.000000000000002665 ) ;
#1531 = DIRECTION ( 'NONE',  ( 1.000000000000000000, -0.000000000000000000, -0.000000000000000000 ) ) ;
#1532 = CIRCLE ( 'NONE', #1598, 0.4000000000000004108 ) ;
#1533 = CARTESIAN_POINT ( 'NONE',  ( 7.799999999999998046, 34.20000000000000284, -5.700000000000000178 ) ) ;
#1534 = EDGE_CURVE ( 'NONE', #641, #1674, #2301, .T. ) ;
#1535 = ORIENTED_EDGE ( 'NONE', *, *, #2863, .T. ) ;
#1536 = AXIS2_PLACEMENT_3D ( 'NONE', #1798, #264, #2102 ) ;
#1537 = ADVANCED_FACE ( 'NONE', ( #2291 ), #2532, .F. ) ;
#1538 = CARTESIAN_POINT ( 'NONE',  ( 6.000000000000000000, 39.00000000000000000, 3.000000000000000000 ) ) ;
#1539 = CARTESIAN_POINT ( 'NONE',  ( 4.283254797250468648, -15.00000000000000000, 0.4050000000000000266 ) ) ;
#1540 = ADVANCED_FACE ( 'NONE', ( #898 ), #246, .T. ) ;
#1541 = CARTESIAN_POINT ( 'NONE',  ( 8.000000000000000000, 35.20000000000000284, -2.949999999999996181 ) ) ;
#1542 = ORIENTED_EDGE ( 'NONE', *, *, #2420, .T. ) ;
#1543 = LINE ( 'NONE', #174, #961 ) ;
#1544 = AXIS2_PLACEMENT_3D ( 'NONE', #2268, #1573, #681 ) ;
#1545 = CARTESIAN_POINT ( 'NONE',  ( 8.000000000000000000, 37.81823265331762940, -5.699999999999999289 ) ) ;
#1546 = ADVANCED_FACE ( 'NONE', ( #2073 ), #2061, .F. ) ;
#1547 = EDGE_LOOP ( 'NONE', ( #699, #2714, #1265, #1515 ) ) ;
#1548 = CARTESIAN_POINT ( 'NONE',  ( 5.000000000000000000, 39.00000000000000000, -7.999999999999998224 ) ) ;
#1549 = DIRECTION ( 'NONE',  ( 0.000000000000000000, 0.000000000000000000, -1.000000000000000000 ) ) ;
#1550 = AXIS2_PLACEMENT_3D ( 'NONE', #573, #403, #2146 ) ;
#1551 = DIRECTION ( 'NONE',  ( 0.000000000000000000, -1.000000000000000000, 0.000000000000000000 ) ) ;
#1552 = ORIENTED_EDGE ( 'NONE', *, *, #2022, .F. ) ;
#1553 = DIRECTION ( 'NONE',  ( -0.000000000000000000, 1.000000000000000000, -0.000000000000000000 ) ) ;
#1554 = VECTOR ( 'NONE', #2133, 1000.000000000000000 ) ;
#1555 = DIRECTION ( 'NONE',  ( -1.000000000000000000, -0.000000000000000000, -0.000000000000000000 ) ) ;
#1556 = ORIENTED_EDGE ( 'NONE', *, *, #1791, .F. ) ;
#1557 = DIRECTION ( 'NONE',  ( 0.000000000000000000, 0.000000000000000000, 1.000000000000000000 ) ) ;
#1558 = AXIS2_PLACEMENT_3D ( 'NONE', #1206, #2074, #1639 ) ;
#1559 = APPROVAL_DATE_TIME ( #1978, #2358 ) ;
#1560 = LINE ( 'NONE', #2484, #449 ) ;
#1561 = ORIENTED_EDGE ( 'NONE', *, *, #2235, .T. ) ;
#1562 = EDGE_CURVE ( 'NONE', #1405, #2764, #692, .T. ) ;
#1563 = EDGE_CURVE ( 'NONE', #1059, #2438, #1378, .T. ) ;
#1564 = CARTESIAN_POINT ( 'NONE',  ( 6.000000000000000000, 35.20000000000000284, -4.949999999999998401 ) ) ;
#1565 = ORIENTED_EDGE ( 'NONE', *, *, #2946, .F. ) ;
#1566 = ORIENTED_EDGE ( 'NONE', *, *, #1443, .T. ) ;
#1567 = CARTESIAN_POINT ( 'NONE',  ( -5.000000000000000000, 38.00000000000000000, -8.999999999999998224 ) ) ;
#1568 = DIRECTION ( 'NONE',  ( 0.000000000000000000, 0.000000000000000000, -1.000000000000000000 ) ) ;
#1569 = DIRECTION ( 'NONE',  ( 0.000000000000000000, 1.000000000000000000, 0.000000000000000000 ) ) ;
#1570 = EDGE_CURVE ( 'NONE', #1817, #2064, #1830, .T. ) ;
#1571 =( BOUNDED_SURFACE ( )  B_SPLINE_SURFACE ( 3, 2, ( 
 ( #2707, #1137, #2008 ),
 ( #2063, #2911, #847 ),
 ( #1761, #1334, #2927 ),
 ( #1528, #2454, #412 ),
 ( #656, #2693, #1304 ),
 ( #177, #861, #1777 ),
 ( #639, #190, #1092 ),
 ( #873, #112, #1207 ),
 ( #797, #1193, #2370 ),
 ( #1921, #1717, #64 ),
 ( #2625, #358, #52 ),
 ( #1654, #1087, #620 ),
 ( #2416, #1042, #1973 ),
 ( #2656, #1601, #2493 ) ),
 .UNSPECIFIED., .F., .F., .T. ) 
 B_SPLINE_SURFACE_WITH_KNOTS ( ( 4, 2, 2, 2, 2, 2, 4 ),
 ( 3, 3 ),
 ( 1.570796326794896558, 1.963495408493620697, 2.356194490192344837, 2.552544031041707129, 2.748893571891068976, 2.945243112740430824, 3.141592653589793116 ),
 ( 0.000000000000000000, 1.000000000000000000 ),
 .UNSPECIFIED. ) 
 GEOMETRIC_REPRESENTATION_ITEM ( )  RATIONAL_B_SPLINE_SURFACE ( (
 ( 1.000000000000000000, 1.000000000000000000, 1.000000000000000000),
 ( 1.000000000000000000, 1.000158585517682885, 1.000000000000000000),
 ( 1.000000000000000000, 0.9867291829330175901, 1.000000000000000000),
 ( 1.000000000000000000, 0.9386556568292954150, 1.000000000000000000),
 ( 1.000000000000000000, 0.9038128751444224340, 1.000000000000000000),
 ( 1.000000000000000000, 0.8471316681044471775, 1.000000000000000000),
 ( 1.000000000000000000, 0.8275942589161864316, 1.000000000000000000),
 ( 1.000000000000000000, 0.7902180193271558517, 1.000000000000000000),
 ( 1.000000000000000000, 0.7723968094988299393, 1.000000000000000000),
 ( 1.000000000000000000, 0.7418334301983747769, 1.000000000000000000),
 ( 1.000000000000000000, 0.7291288848862734762, 1.000000000000000000),
 ( 1.000000000000000000, 0.7117460116570429873, 1.000000000000000000),
 ( 1.000000000000000000, 0.7070717215218274010, 1.000000000000000000),
 ( 1.000000000000000000, 0.7071067811865475727, 1.000000000000000000) ) ) 
 REPRESENTATION_ITEM ( '' )  SURFACE ( )  );
#1572 = ORIENTED_EDGE ( 'NONE', *, *, #1794, .F. ) ;
#1573 = DIRECTION ( 'NONE',  ( -1.000000000000000000, 0.000000000000000000, -0.000000000000000000 ) ) ;
#1574 = DIRECTION ( 'NONE',  ( 0.000000000000000000, -1.000000000000000000, 0.000000000000000000 ) ) ;
#1575 = APPROVAL_ROLE ( '' ) ;
#1576 = EDGE_CURVE ( 'NONE', #1257, #1185, #2754, .T. ) ;
#1577 = VERTEX_POINT ( 'NONE', #1385 ) ;
#1578 = DIRECTION ( 'NONE',  ( 0.000000000000000000, 1.000000000000000000, -0.000000000000000000 ) ) ;
#1579 = ORIENTED_EDGE ( 'NONE', *, *, #206, .T. ) ;
#1580 = CARTESIAN_POINT ( 'NONE',  ( 3.999999999999986233, 28.69999999999999574, 5.000000000000000000 ) ) ;
#1581 = AXIS2_PLACEMENT_3D ( 'NONE', #1470, #2335, #73 ) ;
#1582 = VECTOR ( 'NONE', #2278, 1000.000000000000000 ) ;
#1583 = VECTOR ( 'NONE', #1772, 1000.000000000000000 ) ;
#1584 = CIRCLE ( 'NONE', #2924, 0.4000000000000004108 ) ;
#1585 = DIRECTION ( 'NONE',  ( -0.000000000000000000, 1.000000000000000000, -0.000000000000000000 ) ) ;
#1586 = CARTESIAN_POINT ( 'NONE',  ( 6.000000000000000000, 28.69999999999999574, -2.999999999999985789 ) ) ;
#1587 = ADVANCED_FACE ( 'NONE', ( #1619 ), #1874, .F. ) ;
#1588 = CARTESIAN_POINT ( 'NONE',  ( -4.000000000000000000, 28.69999999999999574, 3.000000000000000444 ) ) ;
#1589 = CARTESIAN_POINT ( 'NONE',  ( 3.500000000000000000, 37.20000000000000284, 0.6999999999999981792 ) ) ;
#1590 = EDGE_LOOP ( 'NONE', ( #614, #790, #1356, #1523 ) ) ;
#1591 = DIRECTION ( 'NONE',  ( 1.000000000000000000, 0.000000000000000000, 0.000000000000000000 ) ) ;
#1592 = FACE_OUTER_BOUND ( 'NONE', #1442, .T. ) ;
#1593 = ORIENTED_EDGE ( 'NONE', *, *, #2874, .T. ) ;
#1594 = DIRECTION ( 'NONE',  ( -0.000000000000000000, 1.000000000000000000, -0.000000000000000000 ) ) ;
#1595 = ORIENTED_EDGE ( 'NONE', *, *, #2768, .F. ) ;
#1596 = DIRECTION ( 'NONE',  ( 0.000000000000000000, 0.000000000000000000, -1.000000000000000000 ) ) ;
#1597 = ORIENTED_EDGE ( 'NONE', *, *, #2170, .T. ) ;
#1598 = AXIS2_PLACEMENT_3D ( 'NONE', #2592, #550, #1623 ) ;
#1599 = DIRECTION ( 'NONE',  ( -0.000000000000000000, -1.000000000000000000, 0.000000000000000000 ) ) ;
#1600 = PLANE ( 'NONE',  #274 ) ;
#1601 = CARTESIAN_POINT ( 'NONE',  ( -6.000000000000000000, 40.00000000000000711, 2.999999999999997780 ) ) ;
#1602 = AXIS2_PLACEMENT_3D ( 'NONE', #802, #1931, #1802 ) ;
#1603 = CARTESIAN_POINT ( 'NONE',  ( 3.500000000000000000, 37.20000000000000284, 1.800000000000015365 ) ) ;
#1604 = ORIENTED_EDGE ( 'NONE', *, *, #2194, .T. ) ;
#1605 = AXIS2_PLACEMENT_3D ( 'NONE', #1726, #2634, #2888 ) ;
#1606 = CIRCLE ( 'NONE', #2043, 1.250000000000000222 ) ;
#1607 = AXIS2_PLACEMENT_3D ( 'NONE', #1660, #1422, #2557 ) ;
#1608 = DIRECTION ( 'NONE',  ( 0.000000000000000000, 1.000000000000000000, 0.000000000000000000 ) ) ;
#1609 = ORIENTED_EDGE ( 'NONE', *, *, #2316, .T. ) ;
#1610 = EDGE_CURVE ( 'NONE', #1724, #1111, #489, .T. ) ;
#1611 = ORIENTED_EDGE ( 'NONE', *, *, #1500, .F. ) ;
#1612 = DIRECTION ( 'NONE',  ( 1.000000000000000000, -0.000000000000000000, -0.000000000000000000 ) ) ;
#1613 = EDGE_CURVE ( 'NONE', #2928, #1364, #2056, .T. ) ;
#1614 = ORIENTED_EDGE ( 'NONE', *, *, #1260, .F. ) ;
#1615 = ORIENTED_EDGE ( 'NONE', *, *, #1563, .F. ) ;
#1616 = DIRECTION ( 'NONE',  ( -1.000000000000000000, -0.000000000000000000, -0.000000000000000000 ) ) ;
#1617 = LINE ( 'NONE', #2531, #351 ) ;
#1618 = DIRECTION ( 'NONE',  ( 1.000000000000000000, 0.000000000000000000, 0.000000000000000000 ) ) ;
#1619 = FACE_OUTER_BOUND ( 'NONE', #2494, .T. ) ;
#1620 = DIRECTION ( 'NONE',  ( -1.000000000000000000, 0.000000000000000000, -0.000000000000000000 ) ) ;
#1621 = DIRECTION ( 'NONE',  ( 0.000000000000000000, 0.000000000000000000, -1.000000000000000000 ) ) ;
#1622 = CARTESIAN_POINT ( 'NONE',  ( -7.000000000000000000, 35.20000000000000284, -3.699999999999998401 ) ) ;
#1623 = DIRECTION ( 'NONE',  ( 0.000000000000000000, 0.000000000000000000, 1.000000000000000000 ) ) ;
#1624 = DIRECTION ( 'NONE',  ( -0.000000000000000000, 1.000000000000000000, 0.000000000000000000 ) ) ;
#1625 = VERTEX_POINT ( 'NONE', #233 ) ;
#1626 = ORIENTED_EDGE ( 'NONE', *, *, #2306, .F. ) ;
#1627 = DIRECTION ( 'NONE',  ( 0.000000000000000000, 0.000000000000000000, 1.000000000000000000 ) ) ;
#1628 = VERTEX_POINT ( 'NONE', #1161 ) ;
#1629 = ORIENTED_EDGE ( 'NONE', *, *, #439, .T. ) ;
#1630 = AXIS2_PLACEMENT_3D ( 'NONE', #943, #2837, #549 ) ;
#1631 = AXIS2_PLACEMENT_3D ( 'NONE', #265, #1633, #879 ) ;
#1632 = AXIS2_PLACEMENT_3D ( 'NONE', #2215, #2521, #1371 ) ;
#1633 = DIRECTION ( 'NONE',  ( -1.000000000000000000, -0.000000000000000000, -0.000000000000000000 ) ) ;
#1634 = CARTESIAN_POINT ( 'NONE',  ( 0.000000000000000000, 30.69999999999999929, 0.000000000000000000 ) ) ;
#1635 = VECTOR ( 'NONE', #2842, 1000.000000000000000 ) ;
#1636 = AXIS2_PLACEMENT_3D ( 'NONE', #1144, #199, #659 ) ;
#1637 = EDGE_CURVE ( 'NONE', #2187, #2538, #585, .T. ) ;
#1638 = AXIS2_PLACEMENT_3D ( 'NONE', #2232, #254, #2428 ) ;
#1639 = DIRECTION ( 'NONE',  ( 0.000000000000000000, 0.000000000000000000, 1.000000000000000000 ) ) ;
#1640 = DIRECTION ( 'NONE',  ( -0.000000000000000000, -1.000000000000000000, -0.000000000000000000 ) ) ;
#1641 = EDGE_CURVE ( 'NONE', #2375, #2503, #1340, .T. ) ;
#1642 = DIRECTION ( 'NONE',  ( 1.000000000000000000, -0.000000000000000000, -0.000000000000000000 ) ) ;
#1643 = LINE ( 'NONE', #747, #342 ) ;
#1644 = CARTESIAN_POINT ( 'NONE',  ( -4.000000000000008882, 37.20000000000000284, 1.500000000000000000 ) ) ;
#1645 = DIRECTION ( 'NONE',  ( 0.7071067811865433539, 0.000000000000000000, -0.7071067811865517916 ) ) ;
#1646 = ADVANCED_FACE ( 'NONE', ( #218 ), #1113, .F. ) ;
#1647 = VERTEX_POINT ( 'NONE', #1586 ) ;
#1648 = ORIENTED_EDGE ( 'NONE', *, *, #1944, .F. ) ;
#1649 = EDGE_CURVE ( 'NONE', #2567, #818, #2637, .T. ) ;
#1650 = ORIENTED_EDGE ( 'NONE', *, *, #1097, .F. ) ;
#1651 = LINE ( 'NONE', #1365, #1778 ) ;
#1652 = CARTESIAN_POINT ( 'NONE',  ( -5.000000000000000000, 38.00000000000000000, -7.999999999999998224 ) ) ;
#1653 = CARTESIAN_POINT ( 'NONE',  ( -5.171572875253810153, 38.58578643762690064, 5.000000000000000000 ) ) ;
#1654 = CARTESIAN_POINT ( 'NONE',  ( -4.993553910070499313, 39.98710782014098442, 3.261796171659165910 ) ) ;
#1655 = DIRECTION ( 'NONE',  ( -1.000000000000000000, 0.000000000000000000, 0.000000000000000000 ) ) ;
#1656 = ORIENTED_EDGE ( 'NONE', *, *, #711, .T. ) ;
#1657 = DIRECTION ( 'NONE',  ( 0.000000000000000000, 0.000000000000000000, -1.000000000000000000 ) ) ;
#1658 = AXIS2_PLACEMENT_3D ( 'NONE', #2830, #560, #546 ) ;
#1659 = DIRECTION ( 'NONE',  ( 0.000000000000000000, -1.000000000000000000, 0.000000000000000000 ) ) ;
#1660 = CARTESIAN_POINT ( 'NONE',  ( -5.800000000000005151, 33.20000000000000995, 1.500000000000000000 ) ) ;
#1661 = EDGE_LOOP ( 'NONE', ( #1832, #2786, #514, #2893, #1136, #2379, #2083, #857, #2220 ) ) ;
#1662 = CARTESIAN_POINT ( 'NONE',  ( -6.000000000000000000, 28.69999999999999574, 2.999999999999985789 ) ) ;
#1663 = EDGE_CURVE ( 'NONE', #2252, #2168, #1129, .T. ) ;
#1664 = AXIS2_PLACEMENT_3D ( 'NONE', #136, #1473, #1037 ) ;
#1665 = EDGE_LOOP ( 'NONE', ( #2315, #684, #2237, #1029 ) ) ;
#1666 =( NAMED_UNIT ( * ) SI_UNIT ( $, .STERADIAN. ) SOLID_ANGLE_UNIT ( ) );
#1667 = CARTESIAN_POINT ( 'NONE',  ( -7.000000000000000000, 35.95000000000000284, -7.905880620191565455 ) ) ;
#1668 = DIRECTION ( 'NONE',  ( 0.000000000000000000, 1.656387824988252755E-16, -1.000000000000000000 ) ) ;
#1669 = EDGE_LOOP ( 'NONE', ( #1479, #115, #2320, #2663 ) ) ;
#1670 = DIRECTION ( 'NONE',  ( 0.000000000000000000, 0.000000000000000000, -1.000000000000000000 ) ) ;
#1671 = DIRECTION ( 'NONE',  ( 1.000000000000000000, 0.000000000000000000, 0.000000000000000000 ) ) ;
#1672 = EDGE_CURVE ( 'NONE', #2407, #2594, #2732, .T. ) ;
#1673 = EDGE_CURVE ( 'NONE', #250, #734, #1905, .T. ) ;
#1674 = VERTEX_POINT ( 'NONE', #88 ) ;
#1675 =( BOUNDED_CURVE ( )  B_SPLINE_CURVE ( 3, ( #765, #2156, #1938, #2103 ),
 .UNSPECIFIED., .F., .T. ) 
 B_SPLINE_CURVE_WITH_KNOTS ( ( 4, 4 ),
 ( 1.570796326794896558, 3.141592653589793116 ),
 .UNSPECIFIED. ) 
 CURVE ( )  GEOMETRIC_REPRESENTATION_ITEM ( )  RATIONAL_B_SPLINE_CURVE ( ( 1.000000000000000000, 0.8047378541243649375, 0.8047378541243649375, 1.000000000000000000 ) ) 
 REPRESENTATION_ITEM ( '' )  );
#1676 = ORIENTED_EDGE ( 'NONE', *, *, #613, .T. ) ;
#1677 = DIRECTION ( 'NONE',  ( -1.000000000000000000, 0.000000000000000000, 0.000000000000000000 ) ) ;
#1678 = DIRECTION ( 'NONE',  ( 0.000000000000000000, 0.000000000000000000, -1.000000000000000000 ) ) ;
#1679 = CARTESIAN_POINT ( 'NONE',  ( 5.800000000000010481, 37.20000000000000284, 1.500000000000000000 ) ) ;
#1680 = ADVANCED_FACE ( 'NONE', ( #2789 ), #545, .T. ) ;
#1681 = CARTESIAN_POINT ( 'NONE',  ( -6.000000000000000000, 30.69999999999999929, 2.999999999999985789 ) ) ;
#1682 = AXIS2_PLACEMENT_3D ( 'NONE', #383, #1217, #1441 ) ;
#1683 = AXIS2_PLACEMENT_3D ( 'NONE', #1867, #2795, #1670 ) ;
#1684 = DIRECTION ( 'NONE',  ( 0.000000000000000000, 1.000000000000000000, -0.000000000000000000 ) ) ;
#1685 = DIRECTION ( 'NONE',  ( 0.000000000000000000, 0.000000000000000000, 1.000000000000000000 ) ) ;
#1686 = FACE_OUTER_BOUND ( 'NONE', #2674, .T. ) ;
#1687 = ORIENTED_EDGE ( 'NONE', *, *, #87, .F. ) ;
#1688 = CARTESIAN_POINT ( 'NONE',  ( 8.000000000000000000, 35.20000000000000284, -4.949999999999998401 ) ) ;
#1689 = CARTESIAN_POINT ( 'NONE',  ( 8.000000000000000000, 33.95903263540091643, -5.700000000000000178 ) ) ;
#1690 = ORIENTED_EDGE ( 'NONE', *, *, #513, .F. ) ;
#1691 =( BOUNDED_SURFACE ( )  B_SPLINE_SURFACE ( 3, 2, ( 
 ( #2583, #2153, #85 ),
 ( #991, #1775, #2020 ),
 ( #858, #610, #2439 ),
 ( #2201, #397, #162 ),
 ( #1293, #2900, #146 ),
 ( #423, #2219, #1048 ),
 ( #381, #1278, #1487 ),
 ( #1064, #1995, #2872 ),
 ( #2675, #1968, #2453 ),
 ( #582, #1982, #2926 ),
 ( #2692, #1317, #2632 ),
 ( #597, #411, #2886 ),
 ( #1303, #2227, #1033 ),
 ( #1736, #2649, #1499 ) ),
 .UNSPECIFIED., .F., .F., .F. ) 
 B_SPLINE_SURFACE_WITH_KNOTS ( ( 4, 2, 2, 2, 2, 2, 4 ),
 ( 3, 3 ),
 ( 6.283185307179586232, 6.479534848028948524, 6.675884388878310816, 6.872233929727672219, 7.068583470577034511, 7.461282552275758206, 7.853981633974482790 ),
 ( 0.000000000000000000, 1.000000000000000000 ),
 .UNSPECIFIED. ) 
 GEOMETRIC_REPRESENTATION_ITEM ( )  RATIONAL_B_SPLINE_SURFACE ( (
 ( 1.000000000000000000, 0.7071067811865475727, 1.000000000000000000),
 ( 1.000000000000000000, 0.7070717215218276230, 1.000000000000000000),
 ( 1.000000000000000000, 0.7117460116570425432, 1.000000000000000000),
 ( 1.000000000000000000, 0.7291288848862734762, 1.000000000000000000),
 ( 1.000000000000000000, 0.7418334301983742218, 1.000000000000000000),
 ( 1.000000000000000000, 0.7723968094988293842, 1.000000000000000000),
 ( 1.000000000000000000, 0.7902180193271525210, 1.000000000000000000),
 ( 1.000000000000000000, 0.8275942589161889851, 1.000000000000000000),
 ( 1.000000000000000000, 0.8471316681044457342, 1.000000000000000000),
 ( 1.000000000000000000, 0.9038128751444208797, 1.000000000000000000),
 ( 1.000000000000000000, 0.9386556568292854230, 1.000000000000000000),
 ( 1.000000000000000000, 0.9867291829330274711, 1.000000000000000000),
 ( 1.000000000000000000, 1.000158585517675114, 1.000000000000000000),
 ( 1.000000000000000000, 1.000000000000000000, 1.000000000000000000) ) ) 
 REPRESENTATION_ITEM ( '' )  SURFACE ( )  );
#1692 = DIRECTION ( 'NONE',  ( 0.000000000000000000, 0.000000000000000000, -1.000000000000000000 ) ) ;
#1693 = DIRECTION ( 'NONE',  ( 1.000000000000000000, -0.000000000000000000, -0.000000000000000000 ) ) ;
#1694 = EDGE_CURVE ( 'NONE', #1625, #1415, #1829, .T. ) ;
#1695 = CARTESIAN_POINT ( 'NONE',  ( -8.000000000000000000, 36.20000000000000284, -5.700000000000000178 ) ) ;
#1696 = DIRECTION ( 'NONE',  ( 0.000000000000000000, 0.000000000000000000, -1.000000000000000000 ) ) ;
#1697 = ORIENTED_EDGE ( 'NONE', *, *, #2034, .F. ) ;
#1698 = PLANE ( 'NONE',  #275 ) ;
#1699 = APPROVAL_STATUS ( 'not_yet_approved' ) ;
#1700 = DIRECTION ( 'NONE',  ( 1.000000000000000000, 0.000000000000000000, -0.000000000000000000 ) ) ;
#1701 = ADVANCED_FACE ( 'NONE', ( #2599 ), #1297, .F. ) ;
#1702 = ORIENTED_EDGE ( 'NONE', *, *, #2766, .F. ) ;
#1703 = CARTESIAN_POINT ( 'NONE',  ( 3.500000000000000000, 37.20000000000000284, 1.500000000000000000 ) ) ;
#1704 = AXIS2_PLACEMENT_3D ( 'NONE', #131, #1243, #2167 ) ;
#1705 = CARTESIAN_POINT ( 'NONE',  ( 8.000000000000000000, 35.20000000000000284, -4.949999999999998401 ) ) ;
#1706 = EDGE_CURVE ( 'NONE', #810, #2218, #1675, .T. ) ;
#1707 = ORIENTED_EDGE ( 'NONE', *, *, #2708, .F. ) ;
#1708 = VECTOR ( 'NONE', #868, 1000.000000000000000 ) ;
#1709 = ADVANCED_FACE ( 'NONE', ( #1234 ), #955, .T. ) ;
#1710 = CARTESIAN_POINT ( 'NONE',  ( -8.000000000000000000, 34.45000000000000284, -3.709032635400921318 ) ) ;
#1711 = VECTOR ( 'NONE', #2290, 1000.000000000000000 ) ;
#1712 = CARTESIAN_POINT ( 'NONE',  ( 3.500000000000000000, 33.20000000000000995, 1.500000000000000000 ) ) ;
#1713 = DIRECTION ( 'NONE',  ( 0.000000000000000000, 0.000000000000000000, 1.000000000000000000 ) ) ;
#1714 = CONICAL_SURFACE ( 'NONE', #1361, 1.250000000000000222, 0.7853981633974412846 ) ;
#1715 = DIRECTION ( 'NONE',  ( 1.000000000000000000, -0.000000000000000000, -0.000000000000000000 ) ) ;
#1716 = VERTEX_POINT ( 'NONE', #2651 ) ;
#1717 = CARTESIAN_POINT ( 'NONE',  ( -5.810804154951894951, 39.81080415495183189, 3.908413898448808155 ) ) ;
#1718 = DIRECTION ( 'NONE',  ( 1.000000000000000000, 0.000000000000000000, 0.000000000000000000 ) ) ;
#1719 = VERTEX_POINT ( 'NONE', #1533 ) ;
#1720 = CARTESIAN_POINT ( 'NONE',  ( -6.000000000000000000, 38.00000000000000000, -7.999999999999998224 ) ) ;
#1721 = ORIENTED_EDGE ( 'NONE', *, *, #1762, .T. ) ;
#1722 = CARTESIAN_POINT ( 'NONE',  ( -5.800000000000005151, 33.20000000000000995, 2.300000000000001599 ) ) ;
#1723 = EDGE_CURVE ( 'NONE', #2699, #1881, #2430, .T. ) ;
#1724 = VERTEX_POINT ( 'NONE', #850 ) ;
#1725 = DIRECTION ( 'NONE',  ( 1.000000000000000000, 0.000000000000000000, 0.000000000000000000 ) ) ;
#1726 = CARTESIAN_POINT ( 'NONE',  ( -6.000000000000000000, 32.70000000000000284, -7.999999999999998224 ) ) ;
#1727 = DIRECTION ( 'NONE',  ( 0.000000000000000000, -1.000000000000000000, -1.656387824988252509E-16 ) ) ;
#1728 = CARTESIAN_POINT ( 'NONE',  ( 3.500000000000000000, 33.20000000000000995, 1.800000000000002043 ) ) ;
#1729 = AXIS2_PLACEMENT_3D ( 'NONE', #696, #1273, #83 ) ;
#1730 = ORIENTED_EDGE ( 'NONE', *, *, #613, .F. ) ;
#1731 = DIRECTION ( 'NONE',  ( 0.000000000000000000, -1.000000000000000000, -1.656387824988252509E-16 ) ) ;
#1732 = AXIS2_PLACEMENT_3D ( 'NONE', #1362, #2303, #2098 ) ;
#1733 = CARTESIAN_POINT ( 'NONE',  ( 8.000000000000000000, 33.95903263540091643, -4.200000000000000178 ) ) ;
#1734 = AXIS2_PLACEMENT_3D ( 'NONE', #1133, #2506, #463 ) ;
#1735 = EDGE_LOOP ( 'NONE', ( #1841, #2545, #2334, #75 ) ) ;
#1736 = CARTESIAN_POINT ( 'NONE',  ( 3.999999999999998224, 38.00000000000000000, 5.000000000000000000 ) ) ;
#1737 = VERTEX_POINT ( 'NONE', #2396 ) ;
#1738 = ADVANCED_FACE ( 'NONE', ( #1491 ), #2412, .T. ) ;
#1739 = FACE_OUTER_BOUND ( 'NONE', #1757, .T. ) ;
#1740 = DIRECTION ( 'NONE',  ( 1.000000000000000000, 0.000000000000000000, 0.000000000000000000 ) ) ;
#1741 = DIRECTION ( 'NONE',  ( 1.000000000000000000, -0.000000000000000000, -0.000000000000000000 ) ) ;
#1742 = ORIENTED_EDGE ( 'NONE', *, *, #1140, .T. ) ;
#1743 = ADVANCED_FACE ( 'NONE', ( #150 ), #1520, .T. ) ;
#1744 = VERTEX_POINT ( 'NONE', #2190 ) ;
#1745 = CARTESIAN_POINT ( 'NONE',  ( 7.000000000000000000, 37.81823265331762940, -4.199999999999999289 ) ) ;
#1746 = ORIENTED_EDGE ( 'NONE', *, *, #2101, .F. ) ;
#1747 = DIRECTION ( 'NONE',  ( 0.000000000000000000, 0.000000000000000000, 1.000000000000000000 ) ) ;
#1748 = EDGE_LOOP ( 'NONE', ( #2243, #1721, #2027, #1522, #72 ) ) ;
#1749 = CARTESIAN_POINT ( 'NONE',  ( 3.999999999999998224, 33.20000000000000995, 1.500000000000000000 ) ) ;
#1750 = DIRECTION ( 'NONE',  ( 1.000000000000000000, 0.000000000000000000, 0.000000000000000000 ) ) ;
#1751 = EDGE_CURVE ( 'NONE', #1439, #2064, #209, .T. ) ;
#1752 = CARTESIAN_POINT ( 'NONE',  ( 0.000000000000000000, 0.000000000000000000, 0.000000000000000000 ) ) ;
#1753 = AXIS2_PLACEMENT_3D ( 'NONE', #839, #1754, #618 ) ;
#1754 = DIRECTION ( 'NONE',  ( 1.000000000000000000, -0.000000000000000000, -0.000000000000000000 ) ) ;
#1755 = LINE ( 'NONE', #1060, #1026 ) ;
#1756 = AXIS2_PLACEMENT_3D ( 'NONE', #1634, #1862, #2265 ) ;
#1757 = EDGE_LOOP ( 'NONE', ( #557, #2879, #1992, #1687 ) ) ;
#1758 = DIRECTION ( 'NONE',  ( 1.000000000000000000, 0.000000000000000000, 0.000000000000000000 ) ) ;
#1759 = CYLINDRICAL_SURFACE ( 'NONE', #203, 2.000000000000002665 ) ;
#1760 = EDGE_LOOP ( 'NONE', ( #2223, #1742 ) ) ;
#1761 = CARTESIAN_POINT ( 'NONE',  ( -4.261747895233459538, 38.52349579046720152, 4.947945344328046779 ) ) ;
#1762 = EDGE_CURVE ( 'NONE', #1088, #1724, #295, .T. ) ;
#1763 = ORIENTED_EDGE ( 'NONE', *, *, #2676, .T. ) ;
#1764 = DIRECTION ( 'NONE',  ( 0.000000000000000000, -1.000000000000000000, -1.656387824988252755E-16 ) ) ;
#1765 = EDGE_LOOP ( 'NONE', ( #2176, #609, #544, #1228 ) ) ;
#1766 = ORIENTED_EDGE ( 'NONE', *, *, #103, .T. ) ;
#1767 = CIRCLE ( 'NONE', #1090, 0.2999999999999947153 ) ;
#1768 = AXIS2_PLACEMENT_3D ( 'NONE', #1367, #923, #4 ) ;
#1769 = LINE ( 'NONE', #1603, #2640 ) ;
#1770 = PRODUCT_RELATED_PRODUCT_CATEGORY ( 'detail', '', ( #2256 ) ) ;
#1771 = ADVANCED_FACE ( 'NONE', ( #353 ), #2093, .T. ) ;
#1772 = DIRECTION ( 'NONE',  ( -5.782411586589357392E-17, -0.000000000000000000, -1.000000000000000000 ) ) ;
#1773 = ORIENTED_EDGE ( 'NONE', *, *, #2267, .F. ) ;
#1774 = CIRCLE ( 'NONE', #673, 4.999999999999999112 ) ;
#1775 = CARTESIAN_POINT ( 'NONE',  ( 5.999999999246318438, 39.99999999924629890, 3.196599510902639274 ) ) ;
#1776 = AXIS2_PLACEMENT_3D ( 'NONE', #918, #479, #2763 ) ;
#1777 = CARTESIAN_POINT ( 'NONE',  ( -5.506773613300287806, 38.75338680665016966, 4.321653511445902929 ) ) ;
#1778 = VECTOR ( 'NONE', #2289, 1000.000000000000000 ) ;
#1779 = EDGE_LOOP ( 'NONE', ( #1707, #2097, #804, #1455 ) ) ;
#1780 = CARTESIAN_POINT ( 'NONE',  ( 7.799999999999998046, 35.20000000000000284, -6.199999999999999289 ) ) ;
#1781 = VERTEX_POINT ( 'NONE', #2326 ) ;
#1782 = DIRECTION ( 'NONE',  ( 1.000000000000000000, -0.000000000000000000, -0.000000000000000000 ) ) ;
#1783 = CARTESIAN_POINT ( 'NONE',  ( -5.000000000000000000, 40.00000000000000000, -7.999999999999998224 ) ) ;
#1784 = EDGE_CURVE ( 'NONE', #2438, #1330, #2046, .T. ) ;
#1785 = CIRCLE ( 'NONE', #1536, 0.4000000000000004108 ) ;
#1786 = CARTESIAN_POINT ( 'NONE',  ( -6.000000000000000000, 39.00000000000000000, -7.999999999999998224 ) ) ;
#1787 = ORIENTED_EDGE ( 'NONE', *, *, #1116, .F. ) ;
#1788 = COORDINATED_UNIVERSAL_TIME_OFFSET ( 8, 0, .AHEAD. ) ;
#1789 = ORIENTED_EDGE ( 'NONE', *, *, #527, .F. ) ;
#1790 = DIRECTION ( 'NONE',  ( 0.000000000000000000, 0.000000000000000000, -1.000000000000000000 ) ) ;
#1791 = EDGE_CURVE ( 'NONE', #1967, #2909, #1349, .T. ) ;
#1792 = ORIENTED_EDGE ( 'NONE', *, *, #1673, .T. ) ;
#1793 = DIRECTION ( 'NONE',  ( 0.000000000000000000, 0.000000000000000000, 1.000000000000000000 ) ) ;
#1794 = EDGE_CURVE ( 'NONE', #1284, #704, #2718, .T. ) ;
#1795 = EDGE_CURVE ( 'NONE', #2509, #2045, #2843, .T. ) ;
#1796 = ORIENTED_EDGE ( 'NONE', *, *, #1323, .T. ) ;
#1797 = CIRCLE ( 'NONE', #753, 1.250000000000000222 ) ;
#1798 = CARTESIAN_POINT ( 'NONE',  ( 4.283254797250468648, -15.00000000000000000, 1.215000000000000080 ) ) ;
#1799 = ORIENTED_EDGE ( 'NONE', *, *, #1140, .F. ) ;
#1800 = CARTESIAN_POINT ( 'NONE',  ( 6.000000000000000000, 35.20000000000000284, -4.949999999999998401 ) ) ;
#1801 = EDGE_CURVE ( 'NONE', #1674, #1625, #2280, .T. ) ;
#1802 = DIRECTION ( 'NONE',  ( 0.000000000000000000, 0.000000000000000000, 1.000000000000000000 ) ) ;
#1803 = VECTOR ( 'NONE', #841, 1000.000000000000000 ) ;
#1804 = VERTEX_POINT ( 'NONE', #1151 ) ;
#1805 = FACE_OUTER_BOUND ( 'NONE', #2415, .T. ) ;
#1806 = PLANE ( 'NONE',  #2541 ) ;
#1807 = VERTEX_POINT ( 'NONE', #2076 ) ;
#1808 = CARTESIAN_POINT ( 'NONE',  ( 3.500000000000000000, 37.20000000000000284, 1.500000000000000000 ) ) ;
#1809 = ORIENTED_EDGE ( 'NONE', *, *, #644, .T. ) ;
#1810 = DIRECTION ( 'NONE',  ( -1.000000000000000000, -0.000000000000000000, -0.000000000000000000 ) ) ;
#1811 = PERSON ( '未', '未', '未', ('未'), ('未'), ('未') ) ;
#1812 = EDGE_CURVE ( 'NONE', #2438, #1059, #2701, .T. ) ;
#1813 = CARTESIAN_POINT ( 'NONE',  ( 6.000000000000000888, 31.06764233634980243, -9.172673590433431556 ) ) ;
#1814 = CARTESIAN_POINT ( 'NONE',  ( 4.283254797250467760, -15.00000000000000000, -0.004999999999999579434 ) ) ;
#1815 = CARTESIAN_POINT ( 'NONE',  ( -8.000000000000000000, 35.95000000000000284, -6.190967364599075040 ) ) ;
#1816 = ORIENTED_EDGE ( 'NONE', *, *, #1097, .T. ) ;
#1817 = VERTEX_POINT ( 'NONE', #1847 ) ;
#1818 = LINE ( 'NONE', #1545, #2829 ) ;
#1819 = ORIENTED_EDGE ( 'NONE', *, *, #1892, .F. ) ;
#1820 = VECTOR ( 'NONE', #1196, 1000.000000000000114 ) ;
#1821 = CARTESIAN_POINT ( 'NONE',  ( -5.550165571278770749, 31.90781084220883201, -9.844470917196948889 ) ) ;
#1822 = DIRECTION ( 'NONE',  ( 1.000000000000000000, -0.000000000000000000, -0.000000000000000000 ) ) ;
#1823 = AXIS2_PLACEMENT_3D ( 'NONE', #315, #2376, #1215 ) ;
#1824 = CIRCLE ( 'NONE', #540, 0.3000000000000153100 ) ;
#1825 = VERTEX_POINT ( 'NONE', #1354 ) ;
#1826 = APPROVAL ( #2703, '未' ) ;
#1827 = AXIS2_PLACEMENT_3D ( 'NONE', #1548, #23, #929 ) ;
#1828 = ORIENTED_EDGE ( 'NONE', *, *, #1892, .T. ) ;
#1829 = CIRCLE ( 'NONE', #543, 0.9999999999999978906 ) ;
#1830 = LINE ( 'NONE', #2042, #1288 ) ;
#1831 = AXIS2_PLACEMENT_3D ( 'NONE', #2339, #2368, #504 ) ;
#1832 = ORIENTED_EDGE ( 'NONE', *, *, #1102, .T. ) ;
#1833 = DIRECTION ( 'NONE',  ( -0.000000000000000000, -1.000000000000000000, -0.000000000000000000 ) ) ;
#1834 = EDGE_CURVE ( 'NONE', #2282, #2626, #2495, .T. ) ;
#1835 = EDGE_CURVE ( 'NONE', #168, #1647, #2758, .T. ) ;
#1836 = DIRECTION ( 'NONE',  ( 0.000000000000000000, 0.000000000000000000, -1.000000000000000000 ) ) ;
#1837 = ORIENTED_EDGE ( 'NONE', *, *, #2638, .T. ) ;
#1838 = CARTESIAN_POINT ( 'NONE',  ( -5.742116284263010684, 31.60426770294153798, -9.681965326423286555 ) ) ;
#1839 = DIRECTION ( 'NONE',  ( 0.000000000000000000, -1.000000000000000000, -1.656387824988252509E-16 ) ) ;
#1840 = ORIENTED_EDGE ( 'NONE', *, *, #1104, .T. ) ;
#1841 = ORIENTED_EDGE ( 'NONE', *, *, #1613, .F. ) ;
#1842 = DIRECTION ( 'NONE',  ( 0.000000000000000000, 0.000000000000000000, 1.000000000000000000 ) ) ;
#1843 = CIRCLE ( 'NONE', #1114, 2.000000000000002665 ) ;
#1844 = AXIS2_PLACEMENT_3D ( 'NONE', #780, #1957, #2563 ) ;
#1845 = B_SPLINE_CURVE_WITH_KNOTS ( 'NONE', 3,
 ( #2041, #1128, #1310, #1326, #197, #2277, #2012, #2236, #1813, #436 ),
 .UNSPECIFIED., .F., .F.,
 ( 4, 2, 2, 2, 4 ),
 ( -8.944281848875514719E-06, 0.0005820893894722029048, 0.001173123060793281307, 0.001764156732114359818, 0.002355190403435445268 ),
 .UNSPECIFIED. ) ;
#1846 = ORIENTED_EDGE ( 'NONE', *, *, #212, .T. ) ;
#1847 = CARTESIAN_POINT ( 'NONE',  ( -3.500000000000000000, 33.20000000000000995, 1.200000000000005285 ) ) ;
#1848 = AXIS2_PLACEMENT_3D ( 'NONE', #1024, #1958, #808 ) ;
#1849 = FACE_OUTER_BOUND ( 'NONE', #737, .T. ) ;
#1850 = ORIENTED_EDGE ( 'NONE', *, *, #2010, .F. ) ;
#1851 = LINE ( 'NONE', #2681, #496 ) ;
#1852 = CONICAL_SURFACE ( 'NONE', #520, 0.8000000000000017097, 0.7853981633974463916 ) ;
#1853 = DIRECTION ( 'NONE',  ( 1.000000000000000000, 0.000000000000000000, 0.000000000000000000 ) ) ;
#1854 = VERTEX_POINT ( 'NONE', #287 ) ;
#1855 = AXIS2_PLACEMENT_3D ( 'NONE', #1276, #650, #2478 ) ;
#1856 = CARTESIAN_POINT ( 'NONE',  ( -5.999999999999999112, 31.06764602365415229, -9.172679977031911847 ) ) ;
#1857 = EDGE_LOOP ( 'NONE', ( #1552, #1981, #2852, #1650 ) ) ;
#1858 = LINE ( 'NONE', #716, #2024 ) ;
#1859 = ORIENTED_EDGE ( 'NONE', *, *, #2482, .F. ) ;
#1860 = EDGE_CURVE ( 'NONE', #1825, #1059, #2533, .T. ) ;
#1861 = FACE_OUTER_BOUND ( 'NONE', #851, .T. ) ;
#1862 = DIRECTION ( 'NONE',  ( -0.000000000000000000, 1.000000000000000000, 0.000000000000000000 ) ) ;
#1863 = ADVANCED_FACE ( 'NONE', ( #488 ), #379, .F. ) ;
#1864 = DIRECTION ( 'NONE',  ( -0.000000000000000000, -1.000000000000000000, 0.000000000000000000 ) ) ;
#1865 = DIRECTION ( 'NONE',  ( 1.000000000000000000, 0.000000000000000000, 0.000000000000000000 ) ) ;
#1866 = ADVANCED_FACE ( 'NONE', ( #1805 ), #2507, .T. ) ;
#1867 = CARTESIAN_POINT ( 'NONE',  ( 8.000000000000000000, 35.20000000000000284, -4.949999999999998401 ) ) ;
#1868 = EDGE_LOOP ( 'NONE', ( #2224, #1391 ) ) ;
#1869 = CARTESIAN_POINT ( 'NONE',  ( -7.000000000000000000, 35.95000000000000284, -3.095950378226080435 ) ) ;
#1870 = ORIENTED_EDGE ( 'NONE', *, *, #2894, .T. ) ;
#1871 = ORIENTED_EDGE ( 'NONE', *, *, #170, .T. ) ;
#1872 = VERTEX_POINT ( 'NONE', #723 ) ;
#1873 = VECTOR ( 'NONE', #1419, 1000.000000000000000 ) ;
#1874 = CONICAL_SURFACE ( 'NONE', #2446, 0.8000000000000017097, 0.7853981633974463916 ) ;
#1875 = VECTOR ( 'NONE', #1551, 1000.000000000000000 ) ;
#1876 = CARTESIAN_POINT ( 'NONE',  ( 7.799999999999998046, 35.20000000000000284, -4.949999999999998401 ) ) ;
#1877 = CARTESIAN_POINT ( 'NONE',  ( 6.000000000000000000, 37.20000000000000284, 0.5000000000000065503 ) ) ;
#1878 = VECTOR ( 'NONE', #306, 1000.000000000000000 ) ;
#1879 = AXIS2_PLACEMENT_3D ( 'NONE', #1085, #2622, #137 ) ;
#1880 = DIRECTION ( 'NONE',  ( 0.000000000000000000, 0.000000000000000000, -1.000000000000000000 ) ) ;
#1881 = VERTEX_POINT ( 'NONE', #1402 ) ;
#1882 = CARTESIAN_POINT ( 'NONE',  ( -6.000000000000000000, 28.69999999999999574, 2.999999999999985789 ) ) ;
#1883 = ORIENTED_EDGE ( 'NONE', *, *, #2367, .T. ) ;
#1884 = VERTEX_POINT ( 'NONE', #1344 ) ;
#1885 = CARTESIAN_POINT ( 'NONE',  ( 7.799999999999998046, 36.20000000000000284, -4.199999999999999289 ) ) ;
#1886 = DESIGN_CONTEXT ( 'detailed design', #376, 'design' ) ;
#1887 =( BOUNDED_CURVE ( )  B_SPLINE_CURVE ( 3, ( #595, #2884, #1946, #378 ),
 .UNSPECIFIED., .F., .F. ) 
 B_SPLINE_CURVE_WITH_KNOTS ( ( 4, 4 ),
 ( 0.000000000000000000, 1.570796326794896558 ),
 .UNSPECIFIED. ) 
 CURVE ( )  GEOMETRIC_REPRESENTATION_ITEM ( )  RATIONAL_B_SPLINE_CURVE ( ( 1.000000000000000000, 0.8047378541243649375, 0.8047378541243649375, 1.000000000000000000 ) ) 
 REPRESENTATION_ITEM ( '' )  );
#1888 = EDGE_LOOP ( 'NONE', ( #2389, #2474, #813 ) ) ;
#1889 = DIRECTION ( 'NONE',  ( 0.000000000000000000, 0.000000000000000000, -1.000000000000000000 ) ) ;
#1890 = FACE_OUTER_BOUND ( 'NONE', #1017, .T. ) ;
#1891 = CARTESIAN_POINT ( 'NONE',  ( 4.283254797250467760, -15.00000000000000000, -0.8149999999999997247 ) ) ;
#1892 = EDGE_CURVE ( 'NONE', #2168, #2503, #2847, .T. ) ;
#1893 = VECTOR ( 'NONE', #1608, 1000.000000000000000 ) ;
#1894 = ADVANCED_FACE ( 'NONE', ( #897 ), #2906, .T. ) ;
#1895 = LINE ( 'NONE', #2821, #1873 ) ;
#1896 = DIRECTION ( 'NONE',  ( -1.000000000000000000, 0.000000000000000000, 0.000000000000000000 ) ) ;
#1897 = LINE ( 'NONE', #1286, #1502 ) ;
#1898 = DIRECTION ( 'NONE',  ( 0.000000000000000000, 0.000000000000000000, -1.000000000000000000 ) ) ;
#1899 = VERTEX_POINT ( 'NONE', #417 ) ;
#1900 = CARTESIAN_POINT ( 'NONE',  ( -7.000000000000000000, 35.95000000000000284, -5.949999999999998401 ) ) ;
#1901 = AXIS2_PLACEMENT_3D ( 'NONE', #1384, #244, #1143 ) ;
#1902 = DIRECTION ( 'NONE',  ( 0.000000000000000000, 0.000000000000000000, -1.000000000000000000 ) ) ;
#1903 = EDGE_CURVE ( 'NONE', #2699, #1173, #1845, .T. ) ;
#1904 = CARTESIAN_POINT ( 'NONE',  ( 8.000000000000000000, 35.20000000000000284, -6.950000000000001066 ) ) ;
#1905 = LINE ( 'NONE', #1444, #996 ) ;
#1906 =( LENGTH_UNIT ( ) NAMED_UNIT ( * ) SI_UNIT ( .MILLI., .METRE. ) );
#1907 = CARTESIAN_POINT ( 'NONE',  ( 4.283254797250468648, -15.00000000000000000, 0.8149999999999997247 ) ) ;
#1908 = CARTESIAN_POINT ( 'NONE',  ( 3.500000000000000000, 33.20000000000000995, 1.500000000000000000 ) ) ;
#1909 = CARTESIAN_POINT ( 'NONE',  ( -7.000000000000000000, 35.20000000000000284, -4.949999999999998401 ) ) ;
#1910 = LINE ( 'NONE', #1210, #2403 ) ;
#1911 = DIRECTION ( 'NONE',  ( 0.000000000000000000, 0.000000000000000000, -1.000000000000000000 ) ) ;
#1912 = EDGE_LOOP ( 'NONE', ( #1951, #2480, #1994, #1846 ) ) ;
#1913 = AXIS2_PLACEMENT_3D ( 'NONE', #2088, #720, #1328 ) ;
#1914 = DIRECTION ( 'NONE',  ( 0.000000000000000000, 0.000000000000000000, -1.000000000000000000 ) ) ;
#1915 = CC_DESIGN_PERSON_AND_ORGANIZATION_ASSIGNMENT ( #608, #2242, ( #2491 ) ) ;
#1916 = CARTESIAN_POINT ( 'NONE',  ( 7.799999999999998046, 35.20000000000000284, -3.699999999999998401 ) ) ;
#1917 = AXIS2_PLACEMENT_3D ( 'NONE', #446, #2319, #1110 ) ;
#1918 = DIRECTION ( 'NONE',  ( -1.000000000000000000, -0.000000000000000000, -0.000000000000000000 ) ) ;
#1919 = AXIS2_PLACEMENT_3D ( 'NONE', #1564, #466, #1358 ) ;
#1920 = DIRECTION ( 'NONE',  ( 0.000000000000000000, 1.000000000000000000, 0.000000000000000000 ) ) ;
#1921 = CARTESIAN_POINT ( 'NONE',  ( -4.948926100948614071, 39.89785220189719439, 3.644431334305646697 ) ) ;
#1922 = VECTOR ( 'NONE', #1440, 1000.000000000000000 ) ;
#1923 = EDGE_CURVE ( 'NONE', #2624, #888, #2181, .T. ) ;
#1924 = CARTESIAN_POINT ( 'NONE',  ( -7.932127016263511798, 34.45000000000000284, -6.111661631647989701 ) ) ;
#1925 = CARTESIAN_POINT ( 'NONE',  ( -4.000000000000008882, 33.20000000000000995, 1.500000000000000000 ) ) ;
#1926 = VECTOR ( 'NONE', #1531, 1000.000000000000000 ) ;
#1927 = CARTESIAN_POINT ( 'NONE',  ( 6.000000000000000000, 28.69999999999999574, 2.999999999999985789 ) ) ;
#1928 = EDGE_CURVE ( 'NONE', #2248, #892, #1785, .T. ) ;
#1929 = DIRECTION ( 'NONE',  ( 0.000000000000000000, -1.000000000000000000, 0.000000000000000000 ) ) ;
#1930 = EDGE_CURVE ( 'NONE', #1047, #2858, #2411, .T. ) ;
#1931 = DIRECTION ( 'NONE',  ( 1.000000000000000000, -0.000000000000000000, -0.000000000000000000 ) ) ;
#1932 = ORIENTED_EDGE ( 'NONE', *, *, #326, .T. ) ;
#1933 = DIRECTION ( 'NONE',  ( 1.000000000000000000, 0.000000000000000000, 0.000000000000000000 ) ) ;
#1934 = DIRECTION ( 'NONE',  ( 1.000000000000000000, 0.000000000000000000, 0.000000000000000000 ) ) ;
#1935 = FACE_OUTER_BOUND ( 'NONE', #1765, .T. ) ;
#1936 = ORIENTED_EDGE ( 'NONE', *, *, #736, .T. ) ;
#1937 = CARTESIAN_POINT ( 'NONE',  ( -4.000000000000008882, 33.20000000000000995, 1.500000000000000000 ) ) ;
#1938 = CARTESIAN_POINT ( 'NONE',  ( -5.000000000000000000, 40.00000000000000000, 4.171572875253810153 ) ) ;
#1939 = DIRECTION ( 'NONE',  ( 0.000000000000000000, 0.000000000000000000, -1.000000000000000000 ) ) ;
#1940 = LINE ( 'NONE', #2414, #1123 ) ;
#1941 = ORIENTED_EDGE ( 'NONE', *, *, #2553, .F. ) ;
#1942 = DIRECTION ( 'NONE',  ( 0.000000000000000000, 0.000000000000000000, 1.000000000000000000 ) ) ;
#1943 = ORIENTED_EDGE ( 'NONE', *, *, #184, .F. ) ;
#1944 = EDGE_CURVE ( 'NONE', #641, #1415, #1160, .T. ) ;
#1945 = CARTESIAN_POINT ( 'NONE',  ( -3.500000000000000000, 37.20000000000000284, 1.500000000000000000 ) ) ;
#1946 = CARTESIAN_POINT ( 'NONE',  ( 4.585786437626905077, 39.17157287525380838, 4.999999999999999112 ) ) ;
#1947 = VERTEX_POINT ( 'NONE', #1428 ) ;
#1948 = CARTESIAN_POINT ( 'NONE',  ( 8.000000000000000000, 35.20000000000000284, -4.949999999999998401 ) ) ;
#1949 = AXIS2_PLACEMENT_3D ( 'NONE', #2182, #660, #2630 ) ;
#1950 = LINE ( 'NONE', #806, #2733 ) ;
#1951 = ORIENTED_EDGE ( 'NONE', *, *, #1418, .F. ) ;
#1952 = CARTESIAN_POINT ( 'NONE',  ( 7.799999999999998046, 35.20000000000000284, -4.949999999999998401 ) ) ;
#1953 = AXIS2_PLACEMENT_3D ( 'NONE', #268, #1135, #942 ) ;
#1954 = CARTESIAN_POINT ( 'NONE',  ( 8.000000000000000000, 36.44096736459908215, -5.699999999999999289 ) ) ;
#1955 = CIRCLE ( 'NONE', #1664, 4.999999999999999112 ) ;
#1956 = ADVANCED_FACE ( 'NONE', ( #1890 ), #2120, .T. ) ;
#1957 = DIRECTION ( 'NONE',  ( 1.000000000000000000, 0.000000000000000000, 0.000000000000000000 ) ) ;
#1958 = DIRECTION ( 'NONE',  ( -1.000000000000000000, -0.000000000000000000, -0.000000000000000000 ) ) ;
#1959 = EDGE_CURVE ( 'NONE', #511, #2743, #1606, .T. ) ;
#1960 = DIRECTION ( 'NONE',  ( 1.000000000000000000, 0.000000000000000000, -0.000000000000000000 ) ) ;
#1961 = ORIENTED_EDGE ( 'NONE', *, *, #1180, .F. ) ;
#1962 = VERTEX_POINT ( 'NONE', #2338 ) ;
#1963 = EDGE_CURVE ( 'NONE', #1043, #2045, #2802, .T. ) ;
#1964 = DIRECTION ( 'NONE',  ( -0.000000000000000000, 1.000000000000000000, 1.656387824988252509E-16 ) ) ;
#1965 = DIRECTION ( 'NONE',  ( 1.000000000000000000, -0.000000000000000000, -0.000000000000000000 ) ) ;
#1966 = ADVANCED_FACE ( 'NONE', ( #2132 ), #1600, .T. ) ;
#1967 = VERTEX_POINT ( 'NONE', #1904 ) ;
#1968 = CARTESIAN_POINT ( 'NONE',  ( 5.278392651607598296, 39.27839265160764626, 4.581575918767606836 ) ) ;
#1969 = FACE_OUTER_BOUND ( 'NONE', #2520, .T. ) ;
#1970 = DIRECTION ( 'NONE',  ( 0.000000000000000000, 0.000000000000000000, -1.000000000000000000 ) ) ;
#1971 = CARTESIAN_POINT ( 'NONE',  ( -7.000000000000000000, 35.95000000000000284, -6.804049621773916812 ) ) ;
#1972 = ORIENTED_EDGE ( 'NONE', *, *, #48, .T. ) ;
#1973 = CARTESIAN_POINT ( 'NONE',  ( -6.000000000000000000, 38.99999999998365041, 3.130901163317780345 ) ) ;
#1974 = ORIENTED_EDGE ( 'NONE', *, *, #80, .F. ) ;
#1975 = CARTESIAN_POINT ( 'NONE',  ( 7.799999999999998046, 35.20000000000000284, -4.949999999999998401 ) ) ;
#1976 = AXIS2_PLACEMENT_3D ( 'NONE', #2423, #833, #1747 ) ;
#1977 = AXIS2_PLACEMENT_3D ( 'NONE', #1501, #122, #1279 ) ;
#1978 = DATE_AND_TIME ( #665, #2424 ) ;
#1979 = FACE_OUTER_BOUND ( 'NONE', #1590, .T. ) ;
#1980 = AXIS2_PLACEMENT_3D ( 'NONE', #1406, #536, #1657 ) ;
#1981 = ORIENTED_EDGE ( 'NONE', *, *, #2636, .F. ) ;
#1982 = CARTESIAN_POINT ( 'NONE',  ( 4.991276407119333847, 38.99127640711927967, 4.778023970962921751 ) ) ;
#1983 = CARTESIAN_POINT ( 'NONE',  ( 8.000000000000000000, 37.05404962177392036, -4.199999999999999289 ) ) ;
#1984 = ORIENTED_EDGE ( 'NONE', *, *, #578, .F. ) ;
#1985 = CARTESIAN_POINT ( 'NONE',  ( -3.500000000000000000, 33.20000000000000995, 1.500000000000000000 ) ) ;
#1986 = DIRECTION ( 'NONE',  ( 0.000000000000000000, 0.000000000000000000, 1.000000000000000000 ) ) ;
#1987 = DIRECTION ( 'NONE',  ( 0.000000000000000000, -0.000000000000000000, 1.000000000000000000 ) ) ;
#1988 = DIRECTION ( 'NONE',  ( -0.000000000000000000, 1.000000000000000000, 1.656387824988252509E-16 ) ) ;
#1989 = EDGE_LOOP ( 'NONE', ( #1676, #2814, #516, #925, #1178 ) ) ;
#1990 =( BOUNDED_CURVE ( )  B_SPLINE_CURVE ( 3, ( #1446, #2325, #1653, #2356 ),
 .UNSPECIFIED., .F., .F. ) 
 B_SPLINE_CURVE_WITH_KNOTS ( ( 4, 4 ),
 ( 3.141592653589793116, 4.712388980384689674 ),
 .UNSPECIFIED. ) 
 CURVE ( )  GEOMETRIC_REPRESENTATION_ITEM ( )  RATIONAL_B_SPLINE_CURVE ( ( 1.000000000000000000, 0.8047378541243649375, 0.8047378541243649375, 1.000000000000000000 ) ) 
 REPRESENTATION_ITEM ( '' )  );
#1991 = LINE ( 'NONE', #2657, #885 ) ;
#1992 = ORIENTED_EDGE ( 'NONE', *, *, #2894, .F. ) ;
#1993 = EDGE_CURVE ( 'NONE', #718, #2928, #611, .T. ) ;
#1994 = ORIENTED_EDGE ( 'NONE', *, *, #1576, .T. ) ;
#1995 = CARTESIAN_POINT ( 'NONE',  ( 5.375436372909351057, 39.37543637290919207, 4.500773755157568168 ) ) ;
#1996 = AXIS2_PLACEMENT_3D ( 'NONE', #2868, #1758, #343 ) ;
#1997 = EDGE_LOOP ( 'NONE', ( #2501, #186 ) ) ;
#1998 = CIRCLE ( 'NONE', #697, 0.9999999999999978906 ) ;
#1999 = DIRECTION ( 'NONE',  ( -1.000000000000000000, -0.000000000000000000, 0.000000000000000000 ) ) ;
#2000 = EDGE_CURVE ( 'NONE', #1073, #810, #2072, .T. ) ;
#2001 = VECTOR ( 'NONE', #974, 1000.000000000000000 ) ;
#2002 = ORIENTED_EDGE ( 'NONE', *, *, #2080, .T. ) ;
#2003 = AXIS2_PLACEMENT_3D ( 'NONE', #328, #1553, #2406 ) ;
#2004 = FACE_OUTER_BOUND ( 'NONE', #2925, .T. ) ;
#2005 = FACE_OUTER_BOUND ( 'NONE', #651, .T. ) ;
#2006 = ORIENTED_EDGE ( 'NONE', *, *, #1534, .F. ) ;
#2007 = FACE_OUTER_BOUND ( 'NONE', #1868, .T. ) ;
#2008 = CARTESIAN_POINT ( 'NONE',  ( -4.000000000000000000, 38.00000000000000000, 5.000000000000000000 ) ) ;
#2009 = ORIENTED_EDGE ( 'NONE', *, *, #1075, .T. ) ;
#2010 = EDGE_CURVE ( 'NONE', #892, #2248, #2189, .T. ) ;
#2011 = ORIENTED_EDGE ( 'NONE', *, *, #2638, .F. ) ;
#2012 = CARTESIAN_POINT ( 'NONE',  ( 5.827535588273408784, 31.45906244967544652, -9.579470619791184305 ) ) ;
#2013 = EDGE_LOOP ( 'NONE', ( #1001, #1154, #2362, #1291 ) ) ;
#2014 = DIRECTION ( 'NONE',  ( 1.000000000000000000, -0.000000000000000000, -0.000000000000000000 ) ) ;
#2015 = EDGE_CURVE ( 'NONE', #1284, #2671, #2569, .T. ) ;
#2016 = EDGE_LOOP ( 'NONE', ( #398, #2769, #198, #2629 ) ) ;
#2017 = PERSON_AND_ORGANIZATION ( #1811, #1506 ) ;
#2018 = ORIENTED_EDGE ( 'NONE', *, *, #1784, .T. ) ;
#2019 = AXIS2_PLACEMENT_3D ( 'NONE', #2150, #2534, #39 ) ;
#2020 = CARTESIAN_POINT ( 'NONE',  ( 6.000000000000000000, 38.99999999998365041, 3.130901163317791891 ) ) ;
#2021 = VECTOR ( 'NONE', #2023, 1000.000000000000000 ) ;
#2022 = EDGE_CURVE ( 'NONE', #2683, #2116, #366, .T. ) ;
#2023 = DIRECTION ( 'NONE',  ( -1.000000000000000000, -0.000000000000000000, -0.000000000000000000 ) ) ;
#2024 = VECTOR ( 'NONE', #1627, 1000.000000000000000 ) ;
#2025 = ORIENTED_EDGE ( 'NONE', *, *, #1319, .T. ) ;
#2026 = DIRECTION ( 'NONE',  ( 1.000000000000000000, 0.000000000000000000, 0.000000000000000000 ) ) ;
#2027 = ORIENTED_EDGE ( 'NONE', *, *, #2328, .F. ) ;
#2028 = DIRECTION ( 'NONE',  ( -0.000000000000000000, 1.000000000000000000, -0.000000000000000000 ) ) ;
#2029 = DIRECTION ( 'NONE',  ( -1.000000000000000000, 0.000000000000000000, 0.000000000000000000 ) ) ;
#2030 = ORIENTED_EDGE ( 'NONE', *, *, #625, .F. ) ;
#2031 = DIRECTION ( 'NONE',  ( -0.000000000000000000, 1.000000000000000000, -0.000000000000000000 ) ) ;
#2032 = APPROVAL_DATE_TIME ( #2437, #1826 ) ;
#2034 = EDGE_CURVE ( 'NONE', #1330, #2914, #1955, .T. ) ;
#2033 = AXIS2_PLACEMENT_3D ( 'NONE', #954, #503, #939 ) ;
#2035 = ORIENTED_EDGE ( 'NONE', *, *, #2148, .T. ) ;
#2036 = DIRECTION ( 'NONE',  ( -1.000000000000000000, 0.000000000000000000, 0.000000000000000000 ) ) ;
#2037 = VERTEX_POINT ( 'NONE', #1954 ) ;
#2038 = DIRECTION ( 'NONE',  ( -1.000000000000000000, -0.000000000000000000, -0.000000000000000000 ) ) ;
#2039 = ADVANCED_FACE ( 'NONE', ( #1458 ), #1852, .F. ) ;
#2040 = VECTOR ( 'NONE', #2864, 1000.000000000000000 ) ;
#2041 = CARTESIAN_POINT ( 'NONE',  ( 5.000000000000000000, 32.70000000000000284, -9.999999999999998224 ) ) ;
#2042 = CARTESIAN_POINT ( 'NONE',  ( -4.000000000000008882, 33.20000000000000995, 0.6999999999999985123 ) ) ;
#2043 = AXIS2_PLACEMENT_3D ( 'NONE', #1876, #740, #518 ) ;
#2044 = PRODUCT_DEFINITION_SHAPE ( 'NONE', 'NONE',  #2491 ) ;
#2045 = VERTEX_POINT ( 'NONE', #1505 ) ;
#2046 = LINE ( 'NONE', #1370, #1248 ) ;
#2047 = CYLINDRICAL_SURFACE ( 'NONE', #1632, 0.8000000000000017097 ) ;
#2048 = ORIENTED_EDGE ( 'NONE', *, *, #1351, .T. ) ;
#2049 = LINE ( 'NONE', #889, #913 ) ;
#2050 = ADVANCED_FACE ( 'NONE', ( #1739 ), #1220, .F. ) ;
#2051 = ORIENTED_EDGE ( 'NONE', *, *, #373, .F. ) ;
#2052 = FACE_OUTER_BOUND ( 'NONE', #827, .T. ) ;
#2053 = VERTEX_POINT ( 'NONE', #2395 ) ;
#2054 = ADVANCED_FACE ( 'NONE', ( #764 ), #352, .F. ) ;
#2055 = FACE_OUTER_BOUND ( 'NONE', #485, .T. ) ;
#2056 = LINE ( 'NONE', #2552, #2066 ) ;
#2057 = EDGE_CURVE ( 'NONE', #236, #2930, #2488, .T. ) ;
#2058 = DIRECTION ( 'NONE',  ( 0.000000000000000000, 0.000000000000000000, -1.000000000000000000 ) ) ;
#2059 = ORIENTED_EDGE ( 'NONE', *, *, #35, .T. ) ;
#2060 = CARTESIAN_POINT ( 'NONE',  ( -6.000000000000000000, 33.20000000000000995, 0.5000000000000022204 ) ) ;
#2061 = CONICAL_SURFACE ( 'NONE', #1913, 0.3000000000000153100, 0.7853981633974504994 ) ;
#2062 = VERTEX_POINT ( 'NONE', #1066 ) ;
#2063 = CARTESIAN_POINT ( 'NONE',  ( -4.130923286591431598, 38.26184657318125204, 5.000000000000000000 ) ) ;
#2064 = VERTEX_POINT ( 'NONE', #428 ) ;
#2065 = CIRCLE ( 'NONE', #957, 0.4000000000000004663 ) ;
#2066 = VECTOR ( 'NONE', #2715, 1000.000000000000114 ) ;
#2067 = CARTESIAN_POINT ( 'NONE',  ( 3.999999999999984457, 37.20000000000000284, 1.500000000000000000 ) ) ;
#2068 = CIRCLE ( 'NONE', #958, 0.9999999999999970024 ) ;
#2069 = ORIENTED_EDGE ( 'NONE', *, *, #2087, .T. ) ;
#2070 = ORIENTED_EDGE ( 'NONE', *, *, #1475, .T. ) ;
#2071 = LINE ( 'NONE', #2309, #2355 ) ;
#2072 = LINE ( 'NONE', #1366, #1711 ) ;
#2073 = FACE_OUTER_BOUND ( 'NONE', #750, .T. ) ;
#2074 = DIRECTION ( 'NONE',  ( -1.000000000000000000, -0.000000000000000000, -0.000000000000000000 ) ) ;
#2075 = VERTEX_POINT ( 'NONE', #1280 ) ;
#2076 = CARTESIAN_POINT ( 'NONE',  ( 5.000000000000000000, 38.00000000000000000, -9.999999999999998224 ) ) ;
#2077 = DIRECTION ( 'NONE',  ( 0.000000000000000000, 1.000000000000000000, 0.000000000000000000 ) ) ;
#2078 = ORIENTED_EDGE ( 'NONE', *, *, #522, .F. ) ;
#2079 = CARTESIAN_POINT ( 'NONE',  ( 4.283254797250468648, 0.000000000000000000, 1.615000000000000657 ) ) ;
#2080 = EDGE_CURVE ( 'NONE', #818, #2567, #285, .T. ) ;
#2081 = DIRECTION ( 'NONE',  ( 0.000000000000000000, -1.000000000000000000, 0.000000000000000000 ) ) ;
#2082 = VERTEX_POINT ( 'NONE', #1529 ) ;
#2083 = ORIENTED_EDGE ( 'NONE', *, *, #623, .T. ) ;
#2084 = ADVANCED_FACE ( 'NONE', ( #1049 ), #2901, .T. ) ;
#2085 = ORIENTED_EDGE ( 'NONE', *, *, #149, .T. ) ;
#2086 = ORIENTED_EDGE ( 'NONE', *, *, #1264, .T. ) ;
#2087 = EDGE_CURVE ( 'NONE', #270, #1363, #178, .T. ) ;
#2088 = CARTESIAN_POINT ( 'NONE',  ( 3.500000000000000000, 37.20000000000000284, 1.500000000000000000 ) ) ;
#2089 = PLANE ( 'NONE',  #1756 ) ;
#2090 = EDGE_CURVE ( 'NONE', #2171, #2614, #267, .T. ) ;
#2091 = CIRCLE ( 'NONE', #1550, 1.250000000000000222 ) ;
#2092 = CARTESIAN_POINT ( 'NONE',  ( 6.000000000000000000, 33.20000000000000995, 2.499999999999993783 ) ) ;
#2093 = PLANE ( 'NONE',  #2690 ) ;
#2094 = PLANE ( 'NONE',  #2496 ) ;
#2095 = FACE_OUTER_BOUND ( 'NONE', #18, .T. ) ;
#2096 = VECTOR ( 'NONE', #2432, 1000.000000000000000 ) ;
#2097 = ORIENTED_EDGE ( 'NONE', *, *, #1930, .F. ) ;
#2098 = DIRECTION ( 'NONE',  ( 0.000000000000000000, 0.000000000000000000, 1.000000000000000000 ) ) ;
#2099 = ORIENTED_EDGE ( 'NONE', *, *, #48, .F. ) ;
#2100 = B_SPLINE_CURVE_WITH_KNOTS ( 'NONE', 3,
 ( #2151, #869, #1261, #1733 ),
 .UNSPECIFIED., .F., .F.,
 ( 4, 4 ),
 ( 0.000000000000000000, 0.0003131537494615503712 ),
 .UNSPECIFIED. ) ;
#2101 = EDGE_CURVE ( 'NONE', #2248, #1962, #249, .T. ) ;
#2102 = DIRECTION ( 'NONE',  ( 0.000000000000000000, 0.000000000000000000, -1.000000000000000000 ) ) ;
#2103 = CARTESIAN_POINT ( 'NONE',  ( -5.000000000000000000, 40.00000000000000000, 3.000000000000000000 ) ) ;
#2104 = DIRECTION ( 'NONE',  ( 1.000000000000000000, -0.000000000000000000, -0.000000000000000000 ) ) ;
#2105 = DIRECTION ( 'NONE',  ( 0.000000000000000000, 1.000000000000000000, 0.000000000000000000 ) ) ;
#2106 = PLANE ( 'NONE',  #1526 ) ;
#2107 = ORIENTED_EDGE ( 'NONE', *, *, #2553, .T. ) ;
#2108 = DIRECTION ( 'NONE',  ( 0.000000000000000000, 0.000000000000000000, -1.000000000000000000 ) ) ;
#2109 = CARTESIAN_POINT ( 'NONE',  ( -7.000000000000000000, 35.95000000000000284, -3.949999999999998845 ) ) ;
#2110 = CARTESIAN_POINT ( 'NONE',  ( 6.999999999999999112, 35.20000000000000284, -4.949999999999998401 ) ) ;
#2111 = ORIENTED_EDGE ( 'NONE', *, *, #2015, .T. ) ;
#2112 = LINE ( 'NONE', #1201, #1635 ) ;
#2113 = ADVANCED_FACE ( 'NONE', ( #1164 ), #982, .F. ) ;
#2114 = ORIENTED_EDGE ( 'NONE', *, *, #2194, .F. ) ;
#2115 = AXIS2_PLACEMENT_3D ( 'NONE', #2402, #2196, #142 ) ;
#2116 = VERTEX_POINT ( 'NONE', #2092 ) ;
#2117 = ADVANCED_FACE ( 'NONE', ( #36 ), #78, .T. ) ;
#2118 = VECTOR ( 'NONE', #751, 1000.000000000000000 ) ;
#2119 = VECTOR ( 'NONE', #1929, 1000.000000000000000 ) ;
#2120 = PLANE ( 'NONE',  #2033 ) ;
#2121 = VECTOR ( 'NONE', #555, 1000.000000000000000 ) ;
#2122 = CARTESIAN_POINT ( 'NONE',  ( -6.000000000000000000, 28.69999999999999574, 3.000000000000000000 ) ) ;
#2123 = FACE_OUTER_BOUND ( 'NONE', #1989, .T. ) ;
#2124 = FACE_BOUND ( 'NONE', #575, .T. ) ;
#2125 = CARTESIAN_POINT ( 'NONE',  ( 3.500000000000000000, 37.20000000000000284, 1.800000000000015365 ) ) ;
#2126 = CYLINDRICAL_SURFACE ( 'NONE', #2616, 1.000000000000000000 ) ;
#2127 = PLANE ( 'NONE',  #2231 ) ;
#2128 = ORIENTED_EDGE ( 'NONE', *, *, #2607, .F. ) ;
#2129 = CYLINDRICAL_SURFACE ( 'NONE', #1823, 0.4000000000000004663 ) ;
#2130 = CARTESIAN_POINT ( 'NONE',  ( 5.800000000000009592, 33.20000000000000995, 0.6999999999999985123 ) ) ;
#2131 = ORIENTED_EDGE ( 'NONE', *, *, #1416, .F. ) ;
#2132 = FACE_OUTER_BOUND ( 'NONE', #2222, .T. ) ;
#2133 = DIRECTION ( 'NONE',  ( -1.000000000000000000, 0.000000000000000000, 0.000000000000000000 ) ) ;
#2134 = VECTOR ( 'NONE', #1731, 1000.000000000000000 ) ;
#2135 = CARTESIAN_POINT ( 'NONE',  ( 6.999999999999999112, 35.20000000000000284, -4.949999999999998401 ) ) ;
#2136 = VECTOR ( 'NONE', #689, 1000.000000000000000 ) ;
#2137 = DIRECTION ( 'NONE',  ( 0.000000000000000000, 1.000000000000000000, -0.000000000000000000 ) ) ;
#2138 = FACE_OUTER_BOUND ( 'NONE', #1760, .T. ) ;
#2139 = APPROVAL_DATE_TIME ( #1438, #332 ) ;
#2140 = ORIENTED_EDGE ( 'NONE', *, *, #1723, .F. ) ;
#2141 = CARTESIAN_POINT ( 'NONE',  ( 6.999999999999999112, 34.20000000000000284, -5.700000000000000178 ) ) ;
#2142 = VECTOR ( 'NONE', #2773, 1000.000000000000000 ) ;
#2143 = CIRCLE ( 'NONE', #1222, 0.9999999999999935607 ) ;
#2144 = ORIENTED_EDGE ( 'NONE', *, *, #924, .F. ) ;
#2145 = CARTESIAN_POINT ( 'NONE',  ( 3.999999999999986233, 30.69999999999999929, -5.000000000000000888 ) ) ;
#2146 = DIRECTION ( 'NONE',  ( 0.000000000000000000, 0.000000000000000000, -1.000000000000000000 ) ) ;
#2147 = EDGE_CURVE ( 'NONE', #2614, #810, #1990, .T. ) ;
#2148 = EDGE_CURVE ( 'NONE', #179, #1117, #1414, .T. ) ;
#2149 = CARTESIAN_POINT ( 'NONE',  ( 8.000000000000000000, 33.95903263540091643, -5.700000000000000178 ) ) ;
#2150 = CARTESIAN_POINT ( 'NONE',  ( -6.000000000000000000, 35.20000000000000284, -4.949999999999998401 ) ) ;
#2151 = CARTESIAN_POINT ( 'NONE',  ( 7.799999999999998046, 34.20000000000000284, -4.199999999999999289 ) ) ;
#2152 = VERTEX_POINT ( 'NONE', #968 ) ;
#2153 = CARTESIAN_POINT ( 'NONE',  ( 6.000000000000000000, 40.00000000000000711, 2.999999999999999556 ) ) ;
#2154 = ORIENTED_EDGE ( 'NONE', *, *, #1472, .F. ) ;
#2155 = DIRECTION ( 'NONE',  ( 0.000000000000000000, 0.000000000000000000, -1.000000000000000000 ) ) ;
#2156 = CARTESIAN_POINT ( 'NONE',  ( -4.585786437626905077, 39.17157287525380838, 4.999999999999999112 ) ) ;
#2157 = EDGE_CURVE ( 'NONE', #43, #2672, #548, .T. ) ;
#2158 = FACE_BOUND ( 'NONE', #1398, .T. ) ;
#2159 = VECTOR ( 'NONE', #1853, 1000.000000000000000 ) ;
#2160 = CYLINDRICAL_SURFACE ( 'NONE', #2519, 2.000000000000000444 ) ;
#2161 = ORIENTED_EDGE ( 'NONE', *, *, #1156, .T. ) ;
#2162 = AXIS2_PLACEMENT_3D ( 'NONE', #967, #1889, #1677 ) ;
#2163 = DIRECTION ( 'NONE',  ( -1.000000000000000000, 0.000000000000000000, -0.000000000000000000 ) ) ;
#2164 = ORIENTED_EDGE ( 'NONE', *, *, #1673, .F. ) ;
#2165 = CARTESIAN_POINT ( 'NONE',  ( -7.000000000000000000, 34.45000000000000284, -7.905880620191565455 ) ) ;
#2166 = AXIS2_PLACEMENT_3D ( 'NONE', #1417, #107, #2820 ) ;
#2167 = DIRECTION ( 'NONE',  ( 0.000000000000000000, 0.000000000000000000, -1.000000000000000000 ) ) ;
#2168 = VERTEX_POINT ( 'NONE', #757 ) ;
#2169 = DIRECTION ( 'NONE',  ( 0.000000000000000000, 0.000000000000000000, -1.000000000000000000 ) ) ;
#2170 = EDGE_CURVE ( 'NONE', #2694, #1117, #766, .T. ) ;
#2171 = VERTEX_POINT ( 'NONE', #1681 ) ;
#2172 = ADVANCED_FACE ( 'NONE', ( #110 ), #154, .T. ) ;
#2173 = DIRECTION ( 'NONE',  ( 0.000000000000000000, 0.000000000000000000, 1.000000000000000000 ) ) ;
#2174 = CYLINDRICAL_SURFACE ( 'NONE', #1848, 2.000000000000002665 ) ;
#2175 = CARTESIAN_POINT ( 'NONE',  ( -8.000000000000000000, 35.20000000000000284, -4.949999999999998401 ) ) ;
#2176 = ORIENTED_EDGE ( 'NONE', *, *, #1672, .F. ) ;
#2177 = EDGE_CURVE ( 'NONE', #2793, #86, #809, .T. ) ;
#2178 = LINE ( 'NONE', #591, #1554 ) ;
#2179 = EDGE_LOOP ( 'NONE', ( #1697, #832 ) ) ;
#2180 = CIRCLE ( 'NONE', #224, 0.9999999999999940048 ) ;
#2181 = CIRCLE ( 'NONE', #881, 2.000000000000002665 ) ;
#2182 = CARTESIAN_POINT ( 'NONE',  ( 4.283254797250468648, -15.00000000000000000, 0.4050000000000000266 ) ) ;
#2183 = ORIENTED_EDGE ( 'NONE', *, *, #211, .T. ) ;
#2184 = VECTOR ( 'NONE', #66, 1000.000000000000000 ) ;
#2185 = DIRECTION ( 'NONE',  ( 1.156482317317871478E-16, 0.000000000000000000, 1.000000000000000000 ) ) ;
#2186 = CYLINDRICAL_SURFACE ( 'NONE', #1977, 2.000000000000000000 ) ;
#2187 = VERTEX_POINT ( 'NONE', #338 ) ;
#2188 = DIRECTION ( 'NONE',  ( 0.000000000000000000, 0.000000000000000000, -1.000000000000000000 ) ) ;
#2189 = CIRCLE ( 'NONE', #1901, 0.4000000000000004108 ) ;
#2190 = CARTESIAN_POINT ( 'NONE',  ( 5.800000000000010481, 37.20000000000000284, 0.6999999999999981792 ) ) ;
#2191 = DIRECTION ( 'NONE',  ( -0.7071067811865463515, 8.659560562354947649E-17, -0.7071067811865487940 ) ) ;
#2192 = DIRECTION ( 'NONE',  ( 0.000000000000000000, 0.000000000000000000, -1.000000000000000000 ) ) ;
#2193 = ORIENTED_EDGE ( 'NONE', *, *, #1930, .T. ) ;
#2194 = EDGE_CURVE ( 'NONE', #1884, #569, #2865, .T. ) ;
#2195 = ORIENTED_EDGE ( 'NONE', *, *, #945, .T. ) ;
#2196 = DIRECTION ( 'NONE',  ( -1.000000000000000000, -0.000000000000000000, -0.000000000000000000 ) ) ;
#2197 = FACE_OUTER_BOUND ( 'NONE', #2841, .T. ) ;
#2198 = FACE_OUTER_BOUND ( 'NONE', #316, .T. ) ;
#2199 = CARTESIAN_POINT ( 'NONE',  ( -6.000000000000000000, 33.20000000000000995, 1.500000000000000000 ) ) ;
#2200 = EDGE_LOOP ( 'NONE', ( #2597, #2881, #2302, #238 ) ) ;
#2201 = CARTESIAN_POINT ( 'NONE',  ( 4.968016650735984641, 39.93603330147193731, 3.518565116405376170 ) ) ;
#2202 = LINE ( 'NONE', #1983, #678 ) ;
#2203 = EDGE_LOOP ( 'NONE', ( #54, #407, #416, #1943, #2526, #45, #2255, #2470 ) ) ;
#2204 = CLOSED_SHELL ( 'NONE', ( #2435, #117, #469, #2426, #713, #1546, #216, #2039, #725, #1646, #1255, #2817, #556, #2050, #1863, #938, #1298, #277, #1190, #2580, #1743, #1450, #1000, #1094, #2729, #1771, #1540, #643, #2570, #1202, #1386, #1709, #917, #2279, #1966, #2458, #1167, #2562, #355, #79, #771, #243, #1025, #2460, #2117, #2628, #2323, #2172, #487, #1680, #1516, #2273, #501, #425, #1036, #837, #891, #1013, #2084, #1701, #702, #937, #726, #1211, #434, #2208, #2689, #413, #1866, #855, #118, #129, #742, #1379, #2054, #193, #962, #683, #1537, #978, #2698, #21, #2113, #263, #1587, #1517, #817, #2913, #1259, #1956, #2341, #1274, #2799, #1005, #1894, #1738 ) ) ;
#2205 = DIRECTION ( 'NONE',  ( 0.000000000000000000, 0.000000000000000000, 1.000000000000000000 ) ) ;
#2206 = DIRECTION ( 'NONE',  ( 0.000000000000000000, 0.000000000000000000, 1.000000000000000000 ) ) ;
#2207 = EDGE_CURVE ( 'NONE', #734, #1872, #1254, .T. ) ;
#2208 = ADVANCED_FACE ( 'NONE', ( #825 ), #574, .T. ) ;
#2209 = CARTESIAN_POINT ( 'NONE',  ( 6.000000000000000000, 38.00000000000000000, -7.999999999999998224 ) ) ;
#2210 = VERTEX_POINT ( 'NONE', #1971 ) ;
#2211 = AXIS2_PLACEMENT_3D ( 'NONE', #1925, #1865, #727 ) ;
#2212 = EDGE_LOOP ( 'NONE', ( #2485, #632, #498, #2456 ) ) ;
#2213 = AXIS2_PLACEMENT_3D ( 'NONE', #1383, #646, #1549 ) ;
#2214 = VECTOR ( 'NONE', #1594, 1000.000000000000000 ) ;
#2215 = CARTESIAN_POINT ( 'NONE',  ( -3.500000000000000000, 37.20000000000000284, 1.500000000000000000 ) ) ;
#2216 = PERSON_AND_ORGANIZATION ( #1811, #1506 ) ;
#2217 = CONICAL_SURFACE ( 'NONE', #2688, 1.250000000000000222, 0.7853981633974412846 ) ;
#2218 = VERTEX_POINT ( 'NONE', #795 ) ;
#2219 = CARTESIAN_POINT ( 'NONE',  ( 5.651889555196324189, 39.65188955519661818, 4.186537730568419491 ) ) ;
#2220 = ORIENTED_EDGE ( 'NONE', *, *, #2946, .T. ) ;
#2221 = DIRECTION ( 'NONE',  ( 0.000000000000000000, 0.000000000000000000, -1.000000000000000000 ) ) ;
#2222 = EDGE_LOOP ( 'NONE', ( #1615, #289, #1789, #1565, #2154, #964 ) ) ;
#2223 = ORIENTED_EDGE ( 'NONE', *, *, #20, .T. ) ;
#2224 = ORIENTED_EDGE ( 'NONE', *, *, #1993, .T. ) ;
#2225 = DIRECTION ( 'NONE',  ( 0.000000000000000000, 0.000000000000000000, 1.000000000000000000 ) ) ;
#2226 = ORIENTED_EDGE ( 'NONE', *, *, #2492, .T. ) ;
#2227 = CARTESIAN_POINT ( 'NONE',  ( 4.196336970049800996, 38.19633697004866946, 4.999907450140040233 ) ) ;
#2228 = FACE_OUTER_BOUND ( 'NONE', #1665, .T. ) ;
#2229 = DIRECTION ( 'NONE',  ( 0.000000000000000000, 0.000000000000000000, -1.000000000000000000 ) ) ;
#2230 = VERTEX_POINT ( 'NONE', #2149 ) ;
#2231 = AXIS2_PLACEMENT_3D ( 'NONE', #2765, #2540, #1172 ) ;
#2232 = CARTESIAN_POINT ( 'NONE',  ( 3.500000000000000000, 37.20000000000000284, 1.500000000000000000 ) ) ;
#2233 = AXIS2_PLACEMENT_3D ( 'NONE', #2641, #167, #1071 ) ;
#2234 = CARTESIAN_POINT ( 'NONE',  ( -3.500000000000000000, 37.20000000000000284, 1.799999999999994493 ) ) ;
#2235 = EDGE_CURVE ( 'NONE', #2624, #2210, #1040, .T. ) ;
#2236 = CARTESIAN_POINT ( 'NONE',  ( 5.957114201939413434, 31.18887919476321002, -9.323316800531738835 ) ) ;
#2237 = ORIENTED_EDGE ( 'NONE', *, *, #335, .F. ) ;
#2238 = CARTESIAN_POINT ( 'NONE',  ( -6.000000000000000000, 28.69999999999999574, 2.999999999999985789 ) ) ;
#2239 = AXIS2_PLACEMENT_3D ( 'NONE', #1145, #50, #505 ) ;
#2240 = EDGE_CURVE ( 'NONE', #2614, #576, #125, .T. ) ;
#2241 = EDGE_CURVE ( 'NONE', #1462, #1628, #1461, .T. ) ;
#2242 = PERSON_AND_ORGANIZATION_ROLE ( 'creator' ) ;
#2243 = ORIENTED_EDGE ( 'NONE', *, *, #490, .T. ) ;
#2244 = DIRECTION ( 'NONE',  ( 0.000000000000000000, 0.000000000000000000, -1.000000000000000000 ) ) ;
#2245 = DIRECTION ( 'NONE',  ( -0.000000000000000000, 1.000000000000000000, 1.656387824988252509E-16 ) ) ;
#2246 = VERTEX_POINT ( 'NONE', #1283 ) ;
#2247 = DIRECTION ( 'NONE',  ( 0.000000000000000000, 0.000000000000000000, -1.000000000000000000 ) ) ;
#2248 = VERTEX_POINT ( 'NONE', #2602 ) ;
#2249 = DIRECTION ( 'NONE',  ( 1.000000000000000000, 0.000000000000000000, 0.000000000000000000 ) ) ;
#2250 = EDGE_CURVE ( 'NONE', #2053, #853, #1511, .T. ) ;
#2251 = CARTESIAN_POINT ( 'NONE',  ( -8.000000000000000000, 35.95000000000000284, -6.190967364599075040 ) ) ;
#2252 = VERTEX_POINT ( 'NONE', #2654 ) ;
#2253 = FACE_OUTER_BOUND ( 'NONE', #2203, .T. ) ;
#2254 = PERSON_AND_ORGANIZATION ( #1811, #1506 ) ;
#2255 = ORIENTED_EDGE ( 'NONE', *, *, #1923, .T. ) ;
#2256 = PRODUCT ( 'JA10G560Q2', 'JA10G560Q2', '', ( #519 ) ) ;
#2257 = CARTESIAN_POINT ( 'NONE',  ( -4.000000000000000000, 28.69999999999999574, -3.000000000000000444 ) ) ;
#2258 = ORIENTED_EDGE ( 'NONE', *, *, #1649, .T. ) ;
#2259 = EDGE_CURVE ( 'NONE', #2930, #465, #91, .T. ) ;
#2260 = CARTESIAN_POINT ( 'NONE',  ( 7.932127016263493147, 36.36166163164800480, -5.699999999999999289 ) ) ;
#2261 = ORIENTED_EDGE ( 'NONE', *, *, #2950, .F. ) ;
#2262 = CARTESIAN_POINT ( 'NONE',  ( 4.283254797250467760, -15.00000000000000000, -1.215000000000000080 ) ) ;
#2263 = B_SPLINE_CURVE_WITH_KNOTS ( 'NONE', 3,
 ( #1377, #259, #2260, #670 ),
 .UNSPECIFIED., .F., .F.,
 ( 4, 4 ),
 ( 0.000000000000000000, 0.0003131537494615503712 ),
 .UNSPECIFIED. ) ;
#2264 = CARTESIAN_POINT ( 'NONE',  ( 4.283254797250467760, -15.00000000000000000, -1.615000000000000657 ) ) ;
#2265 = DIRECTION ( 'NONE',  ( 0.000000000000000000, -0.000000000000000000, 1.000000000000000000 ) ) ;
#2266 = DIRECTION ( 'NONE',  ( 1.000000000000000000, 0.000000000000000000, 0.000000000000000000 ) ) ;
#2267 = EDGE_CURVE ( 'NONE', #1059, #2914, #1940, .T. ) ;
#2268 = CARTESIAN_POINT ( 'NONE',  ( 6.000000000000000000, 37.20000000000000284, 1.500000000000000000 ) ) ;
#2269 = CARTESIAN_POINT ( 'NONE',  ( -5.000000000000000000, 38.00000000000000000, -9.999999999999998224 ) ) ;
#2270 = ORIENTED_EDGE ( 'NONE', *, *, #587, .T. ) ;
#2271 = PLANE ( 'NONE',  #1294 ) ;
#2272 = ORIENTED_EDGE ( 'NONE', *, *, #335, .T. ) ;
#2273 = ADVANCED_FACE ( 'NONE', ( #370 ), #2890, .F. ) ;
#2274 = CARTESIAN_POINT ( 'NONE',  ( -4.000000000000008882, 37.20000000000000284, 1.500000000000000000 ) ) ;
#2275 = AXIS2_PLACEMENT_3D ( 'NONE', #2659, #2448, #2385 ) ;
#2276 =( GEOMETRIC_REPRESENTATION_CONTEXT ( 3 ) GLOBAL_UNCERTAINTY_ASSIGNED_CONTEXT ( ( #1124 ) ) GLOBAL_UNIT_ASSIGNED_CONTEXT ( ( #1906, #2322, #1666 ) ) REPRESENTATION_CONTEXT ( 'NONE', 'WORKASPACE' ) );
#2277 = CARTESIAN_POINT ( 'NONE',  ( 5.742132769348489596, 31.60424001279791284, -9.681946771903740867 ) ) ;
#2278 = DIRECTION ( 'NONE',  ( -0.000000000000000000, 1.000000000000000000, -0.000000000000000000 ) ) ;
#2279 = ADVANCED_FACE ( 'NONE', ( #1236 ), #2160, .T. ) ;
#2280 = LINE ( 'NONE', #2060, #2317 ) ;
#2281 = AXIS2_PLACEMENT_3D ( 'NONE', #2819, #668, #2942 ) ;
#2282 = VERTEX_POINT ( 'NONE', #563 ) ;
#2283 = FACE_OUTER_BOUND ( 'NONE', #477, .T. ) ;
#2284 = ORIENTED_EDGE ( 'NONE', *, *, #2241, .T. ) ;
#2285 = CARTESIAN_POINT ( 'NONE',  ( -5.445970411618149321, 32.06212235070563565, -9.902499815875843936 ) ) ;
#2286 = CARTESIAN_POINT ( 'NONE',  ( -3.500000000000000000, 37.20000000000000284, 0.6999999999999981792 ) ) ;
#2287 = VERTEX_POINT ( 'NONE', #2834 ) ;
#2288 = EDGE_LOOP ( 'NONE', ( #155, #1138, #2270, #296 ) ) ;
#2289 = DIRECTION ( 'NONE',  ( 1.000000000000000000, -0.000000000000000000, -0.000000000000000000 ) ) ;
#2290 = DIRECTION ( 'NONE',  ( -1.000000000000000000, -0.000000000000000000, 0.000000000000000000 ) ) ;
#2291 = FACE_OUTER_BOUND ( 'NONE', #1748, .T. ) ;
#2292 = EDGE_CURVE ( 'NONE', #1674, #641, #843, .T. ) ;
#2293 = ORIENTED_EDGE ( 'NONE', *, *, #1351, .F. ) ;
#2294 = DIRECTION ( 'NONE',  ( 0.000000000000000000, 0.000000000000000000, -1.000000000000000000 ) ) ;
#2295 = CYLINDRICAL_SURFACE ( 'NONE', #2547, 2.000000000000000000 ) ;
#2296 = LINE ( 'NONE', #1882, #1893 ) ;
#2297 = EDGE_LOOP ( 'NONE', ( #1871, #2477, #2642, #460, #1486, #2422, #1218, #2574, #1840, #2782, #588, #1032 ) ) ;
#2298 = VECTOR ( 'NONE', #2312, 1000.000000000000000 ) ;
#2299 = CARTESIAN_POINT ( 'NONE',  ( -5.112647428102077285, 32.54069221955777635, -10.00000000000000000 ) ) ;
#2300 = AXIS2_PLACEMENT_3D ( 'NONE', #1191, #983, #1692 ) ;
#2301 = CIRCLE ( 'NONE', #1091, 0.8000000000000017097 ) ;
#2302 = ORIENTED_EDGE ( 'NONE', *, *, #2740, .T. ) ;
#2303 = DIRECTION ( 'NONE',  ( -0.000000000000000000, -1.000000000000000000, -0.000000000000000000 ) ) ;
#2304 = CIRCLE ( 'NONE', #1734, 0.8000000000000015987 ) ;
#2305 = ORIENTED_EDGE ( 'NONE', *, *, #2365, .T. ) ;
#2306 = EDGE_CURVE ( 'NONE', #1825, #483, #552, .T. ) ;
#2307 = EDGE_LOOP ( 'NONE', ( #1819, #1464 ) ) ;
#2308 = ORIENTED_EDGE ( 'NONE', *, *, #2613, .F. ) ;
#2309 = CARTESIAN_POINT ( 'NONE',  ( -4.000000000000008882, 33.20000000000000995, 2.300000000000001599 ) ) ;
#2310 = DIRECTION ( 'NONE',  ( 0.000000000000000000, 0.000000000000000000, 1.000000000000000000 ) ) ;
#2311 = CARTESIAN_POINT ( 'NONE',  ( 6.000000000000000000, 38.99999999999998579, 4.171572875253810153 ) ) ;
#2312 = DIRECTION ( 'NONE',  ( -0.000000000000000000, -0.000000000000000000, -1.000000000000000000 ) ) ;
#2313 = CARTESIAN_POINT ( 'NONE',  ( 3.500000000000000000, 37.20000000000000284, 1.199999999999984635 ) ) ;
#2314 = CARTESIAN_POINT ( 'NONE',  ( 4.000000000000000000, 38.00000000000000000, 5.000000000000000000 ) ) ;
#2315 = ORIENTED_EDGE ( 'NONE', *, *, #1562, .F. ) ;
#2316 = EDGE_CURVE ( 'NONE', #1804, #262, #1077, .T. ) ;
#2317 = VECTOR ( 'NONE', #1165, 1000.000000000000227 ) ;
#2318 = EDGE_CURVE ( 'NONE', #465, #1471, #2756, .T. ) ;
#2319 = DIRECTION ( 'NONE',  ( -1.000000000000000000, -0.000000000000000000, -0.000000000000000000 ) ) ;
#2320 = ORIENTED_EDGE ( 'NONE', *, *, #1233, .F. ) ;
#2321 = ORIENTED_EDGE ( 'NONE', *, *, #2177, .T. ) ;
#2322 =( NAMED_UNIT ( * ) PLANE_ANGLE_UNIT ( ) SI_UNIT ( $, .RADIAN. ) );
#2323 = ADVANCED_FACE ( 'NONE', ( #1200 ), #2126, .T. ) ;
#2324 = TOROIDAL_SURFACE ( 'NONE', #936, 1.000000000000000000, 1.000000000000000000 ) ;
#2325 = CARTESIAN_POINT ( 'NONE',  ( -6.000000000000000000, 38.99999999999998579, 4.171572875253809265 ) ) ;
#2326 = CARTESIAN_POINT ( 'NONE',  ( 8.000000000000000000, 35.20000000000000284, -6.399999999999998579 ) ) ;
#2327 = CIRCLE ( 'NONE', #77, 0.9999999999999940048 ) ;
#2328 = EDGE_CURVE ( 'NONE', #1117, #1724, #25, .T. ) ;
#2329 = DIRECTION ( 'NONE',  ( 0.000000000000000000, 1.656387824988252755E-16, -1.000000000000000000 ) ) ;
#2330 = DIRECTION ( 'NONE',  ( 0.000000000000000000, 0.000000000000000000, -1.000000000000000000 ) ) ;
#2331 = AXIS2_PLACEMENT_3D ( 'NONE', #2912, #2455, #191 ) ;
#2332 = CARTESIAN_POINT ( 'NONE',  ( 7.000000000000000000, 35.20000000000000284, -4.949999999999998401 ) ) ;
#2333 = EDGE_CURVE ( 'NONE', #2680, #1073, #1887, .T. ) ;
#2334 = ORIENTED_EDGE ( 'NONE', *, *, #113, .T. ) ;
#2335 = DIRECTION ( 'NONE',  ( 1.000000000000000000, 0.000000000000000000, 0.000000000000000000 ) ) ;
#2336 = ORIENTED_EDGE ( 'NONE', *, *, #1801, .F. ) ;
#2337 = VERTEX_POINT ( 'NONE', #1783 ) ;
#2338 = CARTESIAN_POINT ( 'NONE',  ( 4.283254797250468648, 0.000000000000000000, 0.8149999999999996136 ) ) ;
#2339 = CARTESIAN_POINT ( 'NONE',  ( -4.000000000000000000, 28.69999999999999574, 3.000000000000000000 ) ) ;
#2340 = DIRECTION ( 'NONE',  ( 0.000000000000000000, 0.000000000000000000, -1.000000000000000000 ) ) ;
#2341 = ADVANCED_FACE ( 'NONE', ( #1046 ), #2388, .T. ) ;
#2342 = DIRECTION ( 'NONE',  ( 0.000000000000000000, 0.000000000000000000, 1.000000000000000000 ) ) ;
#2343 = CARTESIAN_POINT ( 'NONE',  ( 4.283254797250468648, -15.00000000000000000, 0.4050000000000000266 ) ) ;
#2344 = CARTESIAN_POINT ( 'NONE',  ( -3.500000000000000000, 33.20000000000000995, 1.500000000000000000 ) ) ;
#2345 = FACE_OUTER_BOUND ( 'NONE', #1413, .T. ) ;
#2346 = DIRECTION ( 'NONE',  ( 0.000000000000000000, 0.000000000000000000, -1.000000000000000000 ) ) ;
#2347 = ORIENTED_EDGE ( 'NONE', *, *, #2607, .T. ) ;
#2348 = CARTESIAN_POINT ( 'NONE',  ( -8.000000000000000000, 34.45000000000000284, -3.949999999999998845 ) ) ;
#2349 = AXIS2_PLACEMENT_3D ( 'NONE', #2274, #1810, #2738 ) ;
#2350 = ORIENTED_EDGE ( 'NONE', *, *, #1903, .F. ) ;
#2351 = CIRCLE ( 'NONE', #253, 0.8000000000000019318 ) ;
#2352 = AXIS2_PLACEMENT_3D ( 'NONE', #2504, #461, #1352 ) ;
#2353 = CIRCLE ( 'NONE', #101, 0.8000000000000019318 ) ;
#2354 = DIRECTION ( 'NONE',  ( 0.000000000000000000, 0.000000000000000000, -1.000000000000000000 ) ) ;
#2355 = VECTOR ( 'NONE', #15, 1000.000000000000000 ) ;
#2356 = CARTESIAN_POINT ( 'NONE',  ( -4.000000000000000000, 38.00000000000000000, 5.000000000000000000 ) ) ;
#2357 = DIRECTION ( 'NONE',  ( 0.000000000000000000, 1.000000000000000000, 1.656387824988252755E-16 ) ) ;
#2358 = APPROVAL ( #2662, '未' ) ;
#2359 = ORIENTED_EDGE ( 'NONE', *, *, #829, .F. ) ;
#2360 = DIRECTION ( 'NONE',  ( 0.000000000000000000, 0.000000000000000000, 1.000000000000000000 ) ) ;
#2361 = CARTESIAN_POINT ( 'NONE',  ( 3.999999999999984457, 37.20000000000000284, 0.6999999999999981792 ) ) ;
#2362 = ORIENTED_EDGE ( 'NONE', *, *, #578, .T. ) ;
#2363 = DIRECTION ( 'NONE',  ( 1.000000000000000000, -0.000000000000000000, -0.000000000000000000 ) ) ;
#2364 = DIRECTION ( 'NONE',  ( 1.000000000000000000, 0.000000000000000000, -0.000000000000000000 ) ) ;
#2365 = EDGE_CURVE ( 'NONE', #2558, #1899, #2100, .T. ) ;
#2366 = ORIENTED_EDGE ( 'NONE', *, *, #2861, .F. ) ;
#2367 = EDGE_CURVE ( 'NONE', #2384, #1088, #34, .T. ) ;
#2368 = DIRECTION ( 'NONE',  ( 0.000000000000000000, -1.000000000000000000, 0.000000000000000000 ) ) ;
#2369 = CARTESIAN_POINT ( 'NONE',  ( 4.000000000000000000, 28.69999999999999574, 3.000000000000000444 ) ) ;
#2370 = CARTESIAN_POINT ( 'NONE',  ( -5.797665928147921477, 38.89883296407401758, 3.886302395154773937 ) ) ;
#2371 = AXIS2_PLACEMENT_3D ( 'NONE', #568, #361, #1700 ) ;
#2372 = DIRECTION ( 'NONE',  ( 0.000000000000000000, 0.000000000000000000, -1.000000000000000000 ) ) ;
#2373 = CARTESIAN_POINT ( 'NONE',  ( -7.800000000000006928, 35.95000000000000284, -3.949999999999998845 ) ) ;
#2374 = FACE_OUTER_BOUND ( 'NONE', #1171, .T. ) ;
#2375 = VERTEX_POINT ( 'NONE', #1468 ) ;
#2376 = DIRECTION ( 'NONE',  ( -0.000000000000000000, 1.000000000000000000, -0.000000000000000000 ) ) ;
#2377 = AXIS2_PLACEMENT_3D ( 'NONE', #743, #521, #722 ) ;
#2378 = CIRCLE ( 'NONE', #2239, 2.000000000000000000 ) ;
#2379 = ORIENTED_EDGE ( 'NONE', *, *, #2823, .T. ) ;
#2380 = CARTESIAN_POINT ( 'NONE',  ( 3.500000000000000000, 33.20000000000000995, 1.199999999999997957 ) ) ;
#2381 = DIRECTION ( 'NONE',  ( -1.000000000000000000, 0.000000000000000000, 0.000000000000000000 ) ) ;
#2382 = DIRECTION ( 'NONE',  ( 0.000000000000000000, 0.000000000000000000, 1.000000000000000000 ) ) ;
#2383 = ORIENTED_EDGE ( 'NONE', *, *, #2034, .T. ) ;
#2384 = VERTEX_POINT ( 'NONE', #2251 ) ;
#2385 = DIRECTION ( 'NONE',  ( -1.000000000000000000, 0.000000000000000000, 0.000000000000000000 ) ) ;
#2386 = EDGE_CURVE ( 'NONE', #168, #2434, #200, .T. ) ;
#2387 = FACE_BOUND ( 'NONE', #145, .T. ) ;
#2388 = CYLINDRICAL_SURFACE ( 'NONE', #430, 0.4000000000000004663 ) ;
#2389 = ORIENTED_EDGE ( 'NONE', *, *, #144, .F. ) ;
#2390 = FACE_OUTER_BOUND ( 'NONE', #1376, .T. ) ;
#2391 = EDGE_CURVE ( 'NONE', #1577, #2694, #846, .T. ) ;
#2392 = DIRECTION ( 'NONE',  ( -1.000000000000000000, -0.000000000000000000, -0.000000000000000000 ) ) ;
#2393 = ORIENTED_EDGE ( 'NONE', *, *, #1694, .T. ) ;
#2394 = EDGE_CURVE ( 'NONE', #576, #2723, #320, .T. ) ;
#2395 = CARTESIAN_POINT ( 'NONE',  ( 6.000000000000000000, 38.00000000000000000, -8.999999999999998224 ) ) ;
#2396 = CARTESIAN_POINT ( 'NONE',  ( -8.000000000000000000, 34.45000000000000284, -6.190967364599075040 ) ) ;
#2397 = CARTESIAN_POINT ( 'NONE',  ( -8.000000000000000000, 35.95000000000000284, -5.949999999999998401 ) ) ;
#2398 = VECTOR ( 'NONE', #905, 1000.000000000000000 ) ;
#2399 = DIRECTION ( 'NONE',  ( -1.000000000000000000, 0.000000000000000000, 0.000000000000000000 ) ) ;
#2400 = VECTOR ( 'NONE', #2014, 1000.000000000000000 ) ;
#2401 = EDGE_LOOP ( 'NONE', ( #2871, #622, #2535, #715, #921 ) ) ;
#2402 = CARTESIAN_POINT ( 'NONE',  ( -7.000000000000000000, 35.20000000000000284, -4.949999999999998401 ) ) ;
#2403 = VECTOR ( 'NONE', #1226, 1000.000000000000000 ) ;
#2404 = DIRECTION ( 'NONE',  ( 1.000000000000000000, -0.000000000000000000, -0.000000000000000000 ) ) ;
#2405 = DIRECTION ( 'NONE',  ( 0.000000000000000000, 0.000000000000000000, 1.000000000000000000 ) ) ;
#2406 = DIRECTION ( 'NONE',  ( 0.000000000000000000, 0.000000000000000000, 1.000000000000000000 ) ) ;
#2407 = VERTEX_POINT ( 'NONE', #880 ) ;
#2408 = CARTESIAN_POINT ( 'NONE',  ( -6.000000000000000000, 30.96794919243112076, -8.999999999999998224 ) ) ;
#2409 = EDGE_LOOP ( 'NONE', ( #2751, #1566 ) ) ;
#2410 = DIRECTION ( 'NONE',  ( 0.000000000000000000, 0.000000000000000000, -1.000000000000000000 ) ) ;
#2411 = CIRCLE ( 'NONE', #2697, 0.8000000000000017097 ) ;
#2412 = PLANE ( 'NONE',  #867 ) ;
#2413 = DIRECTION ( 'NONE',  ( 0.000000000000000000, 0.000000000000000000, -1.000000000000000000 ) ) ;
#2414 = CARTESIAN_POINT ( 'NONE',  ( 6.123233995736765296E-16, 30.69999999999999929, 4.999999999999999112 ) ) ;
#2415 = EDGE_LOOP ( 'NONE', ( #2009, #953, #2818, #717 ) ) ;
#2416 = CARTESIAN_POINT ( 'NONE',  ( -4.999999999983565147, 40.00000000000000000, 3.130901163317776792 ) ) ;
#2417 = ORIENTED_EDGE ( 'NONE', *, *, #800, .F. ) ;
#2418 = AXIS2_PLACEMENT_3D ( 'NONE', #303, #1659, #1836 ) ;
#2419 = CARTESIAN_POINT ( 'NONE',  ( 7.000000000000000000, 37.81823265331762940, -5.699999999999999289 ) ) ;
#2420 = EDGE_CURVE ( 'NONE', #1415, #1625, #1998, .T. ) ;
#2421 = CARTESIAN_POINT ( 'NONE',  ( 6.000000000000000000, 28.69999999999999574, 2.999999999999986677 ) ) ;
#2422 = ORIENTED_EDGE ( 'NONE', *, *, #951, .T. ) ;
#2423 = CARTESIAN_POINT ( 'NONE',  ( 4.000000000000000000, 28.69999999999999574, 3.000000000000000444 ) ) ;
#2424 = LOCAL_TIME ( 16, 32, 55.00000000000000000, #1788 ) ;
#2425 = DIRECTION ( 'NONE',  ( -1.000000000000000000, -0.000000000000000000, -0.000000000000000000 ) ) ;
#2426 = ADVANCED_FACE ( 'NONE', ( #2374 ), #2647, .T. ) ;
#2427 = ORIENTED_EDGE ( 'NONE', *, *, #2292, .T. ) ;
#2428 = DIRECTION ( 'NONE',  ( 0.000000000000000000, 0.000000000000000000, -1.000000000000000000 ) ) ;
#2429 = AXIS2_PLACEMENT_3D ( 'NONE', #2209, #1058, #1270 ) ;
#2430 = LINE ( 'NONE', #1069, #634 ) ;
#2431 = FACE_OUTER_BOUND ( 'NONE', #2179, .T. ) ;
#2432 = DIRECTION ( 'NONE',  ( -0.000000000000000000, -0.000000000000000000, -1.000000000000000000 ) ) ;
#2433 = ORIENTED_EDGE ( 'NONE', *, *, #860, .F. ) ;
#2434 = VERTEX_POINT ( 'NONE', #1485 ) ;
#2435 = ADVANCED_FACE ( 'NONE', ( #1979 ), #143, .T. ) ;
#2436 = CYLINDRICAL_SURFACE ( 'NONE', #252, 2.000000000000002665 ) ;
#2437 = DATE_AND_TIME ( #1331, #2806 ) ;
#2438 = VERTEX_POINT ( 'NONE', #1227 ) ;
#2439 = CARTESIAN_POINT ( 'NONE',  ( 5.987107820140987080, 38.99355391007047444, 3.261796171659133492 ) ) ;
#2440 = CARTESIAN_POINT ( 'NONE',  ( 8.000000000000000000, 33.34595037822607821, -5.700000000000000178 ) ) ;
#2441 = EDGE_LOOP ( 'NONE', ( #2261, #2305, #1014, #2128, #120 ) ) ;
#2442 = DIRECTION ( 'NONE',  ( 0.000000000000000000, 0.000000000000000000, -1.000000000000000000 ) ) ;
#2443 = CARTESIAN_POINT ( 'NONE',  ( 4.283254797250468648, 0.000000000000000000, 1.215000000000000080 ) ) ;
#2444 = EDGE_LOOP ( 'NONE', ( #2272, #1316, #165, #2164, #865 ) ) ;
#2445 = CIRCLE ( 'NONE', #1095, 2.000000000000000000 ) ;
#2446 = AXIS2_PLACEMENT_3D ( 'NONE', #33, #2933, #2310 ) ;
#2447 = ORIENTED_EDGE ( 'NONE', *, *, #1723, .T. ) ;
#2448 = DIRECTION ( 'NONE',  ( 0.000000000000000000, 0.000000000000000000, -1.000000000000000000 ) ) ;
#2449 = AXIS2_PLACEMENT_3D ( 'NONE', #1705, #1263, #1488 ) ;
#2450 = VECTOR ( 'NONE', #1599, 1000.000000000000000 ) ;
#2451 = CONICAL_SURFACE ( 'NONE', #2880, 0.8000000000000019318, 0.7853981633974541632 ) ;
#2452 = ORIENTED_EDGE ( 'NONE', *, *, #1492, .F. ) ;
#2453 = CARTESIAN_POINT ( 'NONE',  ( 5.506773613300289583, 38.75338680665017677, 4.321653511445899376 ) ) ;
#2454 = CARTESIAN_POINT ( 'NONE',  ( -4.790665110884822830, 38.79066511088506530, 4.864997699865805103 ) ) ;
#2455 = DIRECTION ( 'NONE',  ( -0.000000000000000000, -1.000000000000000000, -0.000000000000000000 ) ) ;
#2456 = ORIENTED_EDGE ( 'NONE', *, *, #2250, .F. ) ;
#2457 = FACE_OUTER_BOUND ( 'NONE', #2748, .T. ) ;
#2458 = ADVANCED_FACE ( 'NONE', ( #1329 ), #96, .F. ) ;
#2459 = DIRECTION ( 'NONE',  ( 0.000000000000000000, -0.000000000000000000, -1.000000000000000000 ) ) ;
#2460 = ADVANCED_FACE ( 'NONE', ( #119 ), #2750, .T. ) ;
#2461 = ORIENTED_EDGE ( 'NONE', *, *, #791, .T. ) ;
#2462 = CARTESIAN_POINT ( 'NONE',  ( 6.123233995736765296E-16, 0.000000000000000000, 4.999999999999999112 ) ) ;
#2463 = VECTOR ( 'NONE', #883, 1000.000000000000000 ) ;
#2464 = LINE ( 'NONE', #1312, #772 ) ;
#2465 = DIRECTION ( 'NONE',  ( 1.000000000000000000, 0.000000000000000000, 0.000000000000000000 ) ) ;
#2466 = PERSON_AND_ORGANIZATION ( #1811, #1506 ) ;
#2467 = ORIENTED_EDGE ( 'NONE', *, *, #1102, .F. ) ;
#2468 = DIRECTION ( 'NONE',  ( 1.000000000000000000, 0.000000000000000000, 0.000000000000000000 ) ) ;
#2469 = LINE ( 'NONE', #213, #2398 ) ;
#2470 = ORIENTED_EDGE ( 'NONE', *, *, #1466, .F. ) ;
#2471 = CIRCLE ( 'NONE', #1844, 0.8000000000000015987 ) ;
#2472 = CIRCLE ( 'NONE', #2233, 2.000000000000000444 ) ;
#2473 = CARTESIAN_POINT ( 'NONE',  ( -7.000000000000000000, 35.20000000000000284, -4.949999999999998401 ) ) ;
#2474 = ORIENTED_EDGE ( 'NONE', *, *, #2333, .T. ) ;
#2475 = AXIS2_PLACEMENT_3D ( 'NONE', #464, #1864, #926 ) ;
#2476 = AXIS2_PLACEMENT_3D ( 'NONE', #2175, #1741, #2192 ) ;
#2477 = ORIENTED_EDGE ( 'NONE', *, *, #2921, .T. ) ;
#2478 = DIRECTION ( 'NONE',  ( 0.000000000000000000, 0.000000000000000000, -1.000000000000000000 ) ) ;
#2479 = DIRECTION ( 'NONE',  ( 0.000000000000000000, 0.000000000000000000, -1.000000000000000000 ) ) ;
#2480 = ORIENTED_EDGE ( 'NONE', *, *, #2874, .F. ) ;
#2481 = CARTESIAN_POINT ( 'NONE',  ( 6.000000000000000888, 30.69999999999999929, -9.999999999999998224 ) ) ;
#2482 = EDGE_CURVE ( 'NONE', #2867, #250, #706, .T. ) ;
#2483 = APPROVAL_ROLE ( '' ) ;
#2484 = CARTESIAN_POINT ( 'NONE',  ( 8.000000000000000000, 35.20000000000000284, -2.949999999999996181 ) ) ;
#2485 = ORIENTED_EDGE ( 'NONE', *, *, #1132, .T. ) ;
#2486 = EDGE_CURVE ( 'NONE', #2246, #1043, #1016, .T. ) ;
#2487 = DIRECTION ( 'NONE',  ( -1.000000000000000000, 0.000000000000000000, 0.000000000000000000 ) ) ;
#2488 = LINE ( 'NONE', #2440, #2810 ) ;
#2489 = EDGE_CURVE ( 'NONE', #374, #2210, #2870, .T. ) ;
#2490 = LINE ( 'NONE', #690, #1875 ) ;
#2491 = PRODUCT_DEFINITION ( '�', '', #1074, #1886 ) ;
#2492 = EDGE_CURVE ( 'NONE', #2902, #1807, #2378, .T. ) ;
#2493 = CARTESIAN_POINT ( 'NONE',  ( -6.000000000000000000, 39.00000000000000000, 2.999999999999998224 ) ) ;
#2494 = EDGE_LOOP ( 'NONE', ( #990, #371, #1656, #2776 ) ) ;
#2495 = LINE ( 'NONE', #2774, #2857 ) ;
#2496 = AXIS2_PLACEMENT_3D ( 'NONE', #82, #312, #994 ) ;
#2497 = EDGE_LOOP ( 'NONE', ( #2887, #389, #293, #1828 ) ) ;
#2498 = AXIS2_PLACEMENT_3D ( 'NONE', #763, #331, #2364 ) ;
#2499 = VECTOR ( 'NONE', #811, 1000.000000000000000 ) ;
#2500 = CARTESIAN_POINT ( 'NONE',  ( 4.283254797250467760, -15.00000000000000000, -0.8050000000000004929 ) ) ;
#2501 = ORIENTED_EDGE ( 'NONE', *, *, #176, .F. ) ;
#2502 = FACE_OUTER_BOUND ( 'NONE', #2542, .T. ) ;
#2503 = VERTEX_POINT ( 'NONE', #2755 ) ;
#2504 = CARTESIAN_POINT ( 'NONE',  ( 4.283254797250468648, 0.000000000000000000, 0.4050000000000000266 ) ) ;
#2505 = CARTESIAN_POINT ( 'NONE',  ( 5.171572875253810153, 38.58578643762690064, 5.000000000000000000 ) ) ;
#2506 = DIRECTION ( 'NONE',  ( -1.000000000000000000, -0.000000000000000000, -0.000000000000000000 ) ) ;
#2507 = PLANE ( 'NONE',  #1953 ) ;
#2508 = DIRECTION ( 'NONE',  ( 1.000000000000000000, -0.000000000000000000, -0.000000000000000000 ) ) ;
#2509 = VERTEX_POINT ( 'NONE', #1877 ) ;
#2510 = DIRECTION ( 'NONE',  ( 1.000000000000000000, 0.000000000000000000, 0.000000000000000000 ) ) ;
#2511 = ORIENTED_EDGE ( 'NONE', *, *, #1903, .T. ) ;
#2512 = DIRECTION ( 'NONE',  ( 0.000000000000000000, 0.000000000000000000, 1.000000000000000000 ) ) ;
#2513 = EDGE_CURVE ( 'NONE', #1047, #189, #1341, .T. ) ;
#2514 = ORIENTED_EDGE ( 'NONE', *, *, #69, .F. ) ;
#2515 = VECTOR ( 'NONE', #2554, 1000.000000000000000 ) ;
#2516 = ORIENTED_EDGE ( 'NONE', *, *, #1163, .T. ) ;
#2517 = DIRECTION ( 'NONE',  ( 0.000000000000000000, 0.000000000000000000, -1.000000000000000000 ) ) ;
#2518 = DIRECTION ( 'NONE',  ( -1.000000000000000000, -0.000000000000000000, -0.000000000000000000 ) ) ;
#2519 = AXIS2_PLACEMENT_3D ( 'NONE', #2369, #1920, #2382 ) ;
#2520 = EDGE_LOOP ( 'NONE', ( #1333, #1936, #1302, #1250, #735 ) ) ;
#2521 = DIRECTION ( 'NONE',  ( -1.000000000000000000, -0.000000000000000000, -0.000000000000000000 ) ) ;
#2522 = VECTOR ( 'NONE', #1965, 1000.000000000000000 ) ;
#2523 = LINE ( 'NONE', #653, #2584 ) ;
#2524 = EDGE_CURVE ( 'NONE', #2045, #2509, #2143, .T. ) ;
#2525 = DIRECTION ( 'NONE',  ( -1.000000000000000000, 0.000000000000000000, 0.000000000000000000 ) ) ;
#2526 = ORIENTED_EDGE ( 'NONE', *, *, #2676, .F. ) ;
#2527 = ORIENTED_EDGE ( 'NONE', *, *, #2316, .F. ) ;
#2528 = FACE_OUTER_BOUND ( 'NONE', #701, .T. ) ;
#2529 = EDGE_LOOP ( 'NONE', ( #1542, #2393 ) ) ;
#2530 = ORIENTED_EDGE ( 'NONE', *, *, #1510, .F. ) ;
#2531 = CARTESIAN_POINT ( 'NONE',  ( 0.000000000000000000, 40.00000000000000000, 3.000000000000000000 ) ) ;
#2532 = PLANE ( 'NONE',  #106 ) ;
#2533 = LINE ( 'NONE', #7, #231 ) ;
#2534 = DIRECTION ( 'NONE',  ( -1.000000000000000000, 0.000000000000000000, 0.000000000000000000 ) ) ;
#2535 = ORIENTED_EDGE ( 'NONE', *, *, #2365, .F. ) ;
#2536 = LINE ( 'NONE', #1184, #221 ) ;
#2537 = LINE ( 'NONE', #2419, #1052 ) ;
#2538 = VERTEX_POINT ( 'NONE', #234 ) ;
#2539 = CONICAL_SURFACE ( 'NONE', #1729, 1.250000000000000222, 0.7853981633974412846 ) ;
#2540 = DIRECTION ( 'NONE',  ( -1.000000000000000000, 0.000000000000000000, 0.000000000000000000 ) ) ;
#2541 = AXIS2_PLACEMENT_3D ( 'NONE', #663, #1574, #187 ) ;
#2542 = EDGE_LOOP ( 'NONE', ( #2350, #882, #225, #2452 ) ) ;
#2543 = DIRECTION ( 'NONE',  ( 0.000000000000000000, 0.000000000000000000, 1.000000000000000000 ) ) ;
#2544 = EDGE_CURVE ( 'NONE', #1073, #541, #384, .T. ) ;
#2545 = ORIENTED_EDGE ( 'NONE', *, *, #1993, .F. ) ;
#2546 = ORIENTED_EDGE ( 'NONE', *, *, #405, .T. ) ;
#2547 = AXIS2_PLACEMENT_3D ( 'NONE', #1068, #1999, #2205 ) ;
#2548 = AXIS2_PLACEMENT_3D ( 'NONE', #402, #183, #2221 ) ;
#2549 = CARTESIAN_POINT ( 'NONE',  ( -6.000000000000000000, 37.20000000000000284, 1.500000000000000000 ) ) ;
#2550 = EDGE_CURVE ( 'NONE', #892, #788, #941, .T. ) ;
#2551 = CARTESIAN_POINT ( 'NONE',  ( -5.800000000000006040, 37.20000000000000284, 1.500000000000000000 ) ) ;
#2552 = CARTESIAN_POINT ( 'NONE',  ( 3.500000000000000000, 33.20000000000000995, 1.800000000000002043 ) ) ;
#2553 = EDGE_CURVE ( 'NONE', #1647, #530, #266, .T. ) ;
#2554 = DIRECTION ( 'NONE',  ( 0.000000000000000000, 1.000000000000000000, 0.000000000000000000 ) ) ;
#2555 = CARTESIAN_POINT ( 'NONE',  ( -5.000000000000000000, 38.00000000000000000, -7.999999999999998224 ) ) ;
#2556 = CARTESIAN_POINT ( 'NONE',  ( -7.000000000000000000, 35.20000000000000284, -4.949999999999998401 ) ) ;
#2557 = DIRECTION ( 'NONE',  ( 0.000000000000000000, 0.000000000000000000, 1.000000000000000000 ) ) ;
#2558 = VERTEX_POINT ( 'NONE', #283 ) ;
#2559 = EDGE_LOOP ( 'NONE', ( #102, #1313, #1053, #241 ) ) ;
#2560 = CARTESIAN_POINT ( 'NONE',  ( -8.000000000000000000, 34.45000000000000284, -6.804049621773916812 ) ) ;
#2561 = ORIENTED_EDGE ( 'NONE', *, *, #1706, .T. ) ;
#2562 = ADVANCED_FACE ( 'NONE', ( #1162 ), #2089, .F. ) ;
#2563 = DIRECTION ( 'NONE',  ( 0.000000000000000000, 0.000000000000000000, -1.000000000000000000 ) ) ;
#2564 = CC_DESIGN_APPROVAL ( #332, ( #2712 ) ) ;
#2565 = CARTESIAN_POINT ( 'NONE',  ( -5.800000000000006040, 37.20000000000000284, 0.6999999999999981792 ) ) ;
#2566 = DIRECTION ( 'NONE',  ( 0.000000000000000000, 0.000000000000000000, -1.000000000000000000 ) ) ;
#2567 = VERTEX_POINT ( 'NONE', #1400 ) ;
#2568 = CARTESIAN_POINT ( 'NONE',  ( -3.500000000000000000, 33.20000000000000995, 1.799999999999994715 ) ) ;
#2569 = CIRCLE ( 'NONE', #565, 0.2999999999999944933 ) ;
#2570 = ADVANCED_FACE ( 'NONE', ( #912 ), #2772, .T. ) ;
#2571 = CARTESIAN_POINT ( 'NONE',  ( -6.000000000000000000, 37.20000000000000284, 0.5000000000000029976 ) ) ;
#2572 = DIRECTION ( 'NONE',  ( -1.000000000000000000, -0.000000000000000000, -0.000000000000000000 ) ) ;
#2573 = CARTESIAN_POINT ( 'NONE',  ( -5.827524453722514153, 31.45908311891238540, -9.579487566269584420 ) ) ;
#2574 = ORIENTED_EDGE ( 'NONE', *, *, #2157, .F. ) ;
#2575 = DIRECTION ( 'NONE',  ( 1.000000000000000000, 0.000000000000000000, -0.000000000000000000 ) ) ;
#2576 = DIRECTION ( 'NONE',  ( 0.000000000000000000, 0.000000000000000000, 1.000000000000000000 ) ) ;
#2577 = EDGE_CURVE ( 'NONE', #1807, #2699, #2741, .T. ) ;
#2578 = DIRECTION ( 'NONE',  ( 0.000000000000000000, 0.000000000000000000, -1.000000000000000000 ) ) ;
#2579 = DIRECTION ( 'NONE',  ( 0.000000000000000000, 0.000000000000000000, 1.000000000000000000 ) ) ;
#2580 = ADVANCED_FACE ( 'NONE', ( #476 ), #899, .F. ) ;
#2581 = CARTESIAN_POINT ( 'NONE',  ( -7.865208532137208053, 35.95000000000000284, -3.868489334828412840 ) ) ;
#2582 = DIRECTION ( 'NONE',  ( 1.000000000000000000, 0.000000000000000000, 0.000000000000000000 ) ) ;
#2583 = CARTESIAN_POINT ( 'NONE',  ( 5.000000000000000000, 40.00000000000000000, 3.000000000000000000 ) ) ;
#2584 = VECTOR ( 'NONE', #1372, 1000.000000000000000 ) ;
#2585 = ORIENTED_EDGE ( 'NONE', *, *, #664, .F. ) ;
#2586 = AXIS2_PLACEMENT_3D ( 'NONE', #693, #1555, #204 ) ;
#2587 = AXIS2_PLACEMENT_3D ( 'NONE', #1567, #1127, #647 ) ;
#2588 = DIRECTION ( 'NONE',  ( 0.000000000000000000, 0.000000000000000000, 1.000000000000000000 ) ) ;
#2589 = CIRCLE ( 'NONE', #1296, 0.8000000000000017097 ) ;
#2590 = DIRECTION ( 'NONE',  ( 0.000000000000000000, 0.000000000000000000, -1.000000000000000000 ) ) ;
#2591 = CARTESIAN_POINT ( 'NONE',  ( 3.500000000000000000, 33.20000000000000995, 1.199999999999997957 ) ) ;
#2592 = CARTESIAN_POINT ( 'NONE',  ( 4.283254797250468648, 0.000000000000000000, 1.215000000000000080 ) ) ;
#2593 = ADVANCED_BREP_SHAPE_REPRESENTATION ( 'JA10G560Q2', ( #414, #1658 ), #2276 ) ;
#2594 = VERTEX_POINT ( 'NONE', #532 ) ;
#2595 = LINE ( 'NONE', #2825, #1922 ) ;
#2596 = CARTESIAN_POINT ( 'NONE',  ( 3.500000000000000000, 37.20000000000000284, 1.199999999999984635 ) ) ;
#2597 = ORIENTED_EDGE ( 'NONE', *, *, #1928, .F. ) ;
#2598 = EDGE_CURVE ( 'NONE', #1380, #1100, #1080, .T. ) ;
#2599 = FACE_OUTER_BOUND ( 'NONE', #835, .T. ) ;
#2600 = CARTESIAN_POINT ( 'NONE',  ( -6.000000000000000000, 35.20000000000000284, -4.949999999999998401 ) ) ;
#2601 = CARTESIAN_POINT ( 'NONE',  ( -5.999999999999999112, 30.69999999999999929, -7.999999999999998224 ) ) ;
#2602 = CARTESIAN_POINT ( 'NONE',  ( 4.283254797250468648, -15.00000000000000000, 0.8149999999999996136 ) ) ;
#2603 = ORIENTED_EDGE ( 'NONE', *, *, #2823, .F. ) ;
#2604 = CARTESIAN_POINT ( 'NONE',  ( 4.000000000000000000, 28.69999999999999574, -3.000000000000000444 ) ) ;
#2605 = ORIENTED_EDGE ( 'NONE', *, *, #577, .F. ) ;
#2606 = AXIS2_PLACEMENT_3D ( 'NONE', #781, #151, #1057 ) ;
#2607 = EDGE_CURVE ( 'NONE', #1716, #2152, #124, .T. ) ;
#2608 = PLANE ( 'NONE',  #2896 ) ;
#2609 = CC_DESIGN_APPROVAL ( #1826, ( #1074 ) ) ;
#2610 = FACE_BOUND ( 'NONE', #2529, .T. ) ;
#2611 = COORDINATED_UNIVERSAL_TIME_OFFSET ( 8, 0, .AHEAD. ) ;
#2612 = DIRECTION ( 'NONE',  ( 1.000000000000000000, -0.000000000000000000, -0.000000000000000000 ) ) ;
#2613 = EDGE_CURVE ( 'NONE', #1744, #1043, #128, .T. ) ;
#2614 = VERTEX_POINT ( 'NONE', #1252 ) ;
#2615 = DIRECTION ( 'NONE',  ( 0.000000000000000000, 0.000000000000000000, -1.000000000000000000 ) ) ;
#2616 = AXIS2_PLACEMENT_3D ( 'NONE', #761, #1153, #1671 ) ;
#2617 = CARTESIAN_POINT ( 'NONE',  ( 7.799999999999998046, 34.20000000000000284, -5.700000000000000178 ) ) ;
#2618 = DIRECTION ( 'NONE',  ( 1.000000000000000000, 0.000000000000000000, 0.000000000000000000 ) ) ;
#2619 = AXIS2_PLACEMENT_3D ( 'NONE', #298, #793, #755 ) ;
#2620 = ORIENTED_EDGE ( 'NONE', *, *, #1249, .T. ) ;
#2621 = DIRECTION ( 'NONE',  ( 0.000000000000000000, 0.000000000000000000, 1.000000000000000000 ) ) ;
#2622 = DIRECTION ( 'NONE',  ( 1.000000000000000000, 0.000000000000000000, 0.000000000000000000 ) ) ;
#2623 = CARTESIAN_POINT ( 'NONE',  ( 5.000000000000000000, 40.00000000000000000, 0.000000000000000000 ) ) ;
#2624 = VERTEX_POINT ( 'NONE', #1445 ) ;
#2625 = CARTESIAN_POINT ( 'NONE',  ( -4.968016650735960660, 39.93603330147194441, 3.518565116405348636 ) ) ;
#2626 = VERTEX_POINT ( 'NONE', #2145 ) ;
#2627 = DIRECTION ( 'NONE',  ( 0.000000000000000000, 0.000000000000000000, 1.000000000000000000 ) ) ;
#2628 = ADVANCED_FACE ( 'NONE', ( #2804 ), #2324, .T. ) ;
#2629 = ORIENTED_EDGE ( 'NONE', *, *, #1319, .F. ) ;
#2630 = DIRECTION ( 'NONE',  ( 0.000000000000000000, 0.000000000000000000, 1.000000000000000000 ) ) ;
#2631 = ORIENTED_EDGE ( 'NONE', *, *, #2000, .T. ) ;
#2632 = CARTESIAN_POINT ( 'NONE',  ( 5.007237938993444715, 38.50361896949656426, 4.747572785716978494 ) ) ;
#2633 = DIRECTION ( 'NONE',  ( 0.000000000000000000, 0.000000000000000000, -1.000000000000000000 ) ) ;
#2634 = DIRECTION ( 'NONE',  ( -1.000000000000000000, 0.000000000000000000, 0.000000000000000000 ) ) ;
#2635 = CIRCLE ( 'NONE', #1142, 2.000000000000002665 ) ;
#2636 = EDGE_CURVE ( 'NONE', #657, #2683, #2471, .T. ) ;
#2637 = CIRCLE ( 'NONE', #2352, 0.4000000000000004663 ) ;
#2638 = EDGE_CURVE ( 'NONE', #1781, #2230, #2710, .T. ) ;
#2639 = VERTEX_POINT ( 'NONE', #89 ) ;
#2640 = VECTOR ( 'NONE', #235, 1000.000000000000114 ) ;
#2641 = CARTESIAN_POINT ( 'NONE',  ( 4.000000000000000000, 30.69999999999999929, 3.000000000000000444 ) ) ;
#2642 = ORIENTED_EDGE ( 'NONE', *, *, #744, .T. ) ;
#2643 = CYLINDRICAL_SURFACE ( 'NONE', #2275, 1.000000000000000000 ) ;
#2644 = EDGE_CURVE ( 'NONE', #2075, #1469, #474, .T. ) ;
#2645 = CARTESIAN_POINT ( 'NONE',  ( -6.000000000000000000, 32.70000000000000284, -8.999999999999998224 ) ) ;
#2646 = CALENDAR_DATE ( 2025, 28, 7 ) ;
#2647 = CYLINDRICAL_SURFACE ( 'NONE', #1949, 0.4000000000000004663 ) ;
#2648 = ORIENTED_EDGE ( 'NONE', *, *, #1223, .T. ) ;
#2649 = CARTESIAN_POINT ( 'NONE',  ( 3.999999999999997335, 38.00000000000000000, 5.000000000000000000 ) ) ;
#2650 = ORIENTED_EDGE ( 'NONE', *, *, #1751, .T. ) ;
#2651 = CARTESIAN_POINT ( 'NONE',  ( 7.000000000000000000, 33.34595037822607821, -4.199999999999999289 ) ) ;
#2652 = EDGE_CURVE ( 'NONE', #2438, #227, #2947, .T. ) ;
#2653 = DIRECTION ( 'NONE',  ( -0.000000000000000000, -1.000000000000000000, -0.000000000000000000 ) ) ;
#2654 = CARTESIAN_POINT ( 'NONE',  ( 4.283254797250467760, -15.00000000000000000, -0.8149999999999996136 ) ) ;
#2655 = EDGE_LOOP ( 'NONE', ( #963, #799, #2702, #2366 ) ) ;
#2656 = CARTESIAN_POINT ( 'NONE',  ( -5.000000000000000000, 40.00000000000000000, 2.999999999999998224 ) ) ;
#2657 = CARTESIAN_POINT ( 'NONE',  ( 3.999999999999986233, 28.69999999999999574, 5.000000000000000000 ) ) ;
#2658 = ORIENTED_EDGE ( 'NONE', *, *, #1223, .F. ) ;
#2659 = CARTESIAN_POINT ( 'NONE',  ( 5.000000000000000000, 39.00000000000000000, 0.000000000000000000 ) ) ;
#2660 = AXIS2_PLACEMENT_3D ( 'NONE', #2556, #538, #24 ) ;
#2661 = CYLINDRICAL_SURFACE ( 'NONE', #2685, 0.8000000000000019318 ) ;
#2662 = APPROVAL_STATUS ( 'not_yet_approved' ) ;
#2663 = ORIENTED_EDGE ( 'NONE', *, *, #2513, .F. ) ;
#2664 = CIRCLE ( 'NONE', #1605, 2.000000000000000000 ) ;
#2665 = ORIENTED_EDGE ( 'NONE', *, *, #1944, .T. ) ;
#2666 = VECTOR ( 'NONE', #985, 1000.000000000000000 ) ;
#2667 = FACE_OUTER_BOUND ( 'NONE', #458, .T. ) ;
#2668 = VECTOR ( 'NONE', #2399, 1000.000000000000000 ) ;
#2669 = LINE ( 'NONE', #2623, #84 ) ;
#2670 = CARTESIAN_POINT ( 'NONE',  ( 7.000000000000000000, 37.81823265331762940, -5.699999999999999289 ) ) ;
#2671 = VERTEX_POINT ( 'NONE', #2234 ) ;
#2672 = VERTEX_POINT ( 'NONE', #1780 ) ;
#2673 = CARTESIAN_POINT ( 'NONE',  ( 5.800000000000010481, 37.20000000000000284, 2.300000000000001599 ) ) ;
#2674 = EDGE_LOOP ( 'NONE', ( #774, #1787, #1490, #1611, #2347, #2051, #1972, #2757 ) ) ;
#2675 = CARTESIAN_POINT ( 'NONE',  ( 4.753386806650144791, 39.50677361330033222, 4.321653511445863849 ) ) ;
#2676 = EDGE_CURVE ( 'NONE', #2210, #2867, #432, .T. ) ;
#2677 = EDGE_CURVE ( 'NONE', #1410, #1881, #1519, .T. ) ;
#2678 = DIRECTION ( 'NONE',  ( 0.000000000000000000, 0.000000000000000000, -1.000000000000000000 ) ) ;
#2679 = CARTESIAN_POINT ( 'NONE',  ( -3.500000000000000000, 37.20000000000000284, 1.500000000000000000 ) ) ;
#2680 = VERTEX_POINT ( 'NONE', #907 ) ;
#2681 = CARTESIAN_POINT ( 'NONE',  ( -3.500000000000000000, 33.20000000000000995, 0.6999999999999985123 ) ) ;
#2682 = DIRECTION ( 'NONE',  ( -1.000000000000000000, -0.000000000000000000, 0.000000000000000000 ) ) ;
#2683 = VERTEX_POINT ( 'NONE', #1423 ) ;
#2684 = VECTOR ( 'NONE', #894, 1000.000000000000000 ) ;
#2685 = AXIS2_PLACEMENT_3D ( 'NONE', #95, #327, #998 ) ;
#2686 = LINE ( 'NONE', #1589, #2400 ) ;
#2687 = CIRCLE ( 'NONE', #1682, 0.8000000000000017097 ) ;
#2688 = AXIS2_PLACEMENT_3D ( 'NONE', #1952, #1725, #2410 ) ;
#2689 = ADVANCED_FACE ( 'NONE', ( #2737 ), #2127, .T. ) ;
#2690 = AXIS2_PLACEMENT_3D ( 'NONE', #1118, #19, #2727 ) ;
#2691 = ORIENTED_EDGE ( 'NONE', *, *, #1249, .F. ) ;
#2692 = CARTESIAN_POINT ( 'NONE',  ( 4.503618969496721469, 39.00723793899315694, 4.747572785717099286 ) ) ;
#2693 = CARTESIAN_POINT ( 'NONE',  ( -4.991276407119332958, 38.99127640711926546, 4.778023970962989253 ) ) ;
#2694 = VERTEX_POINT ( 'NONE', #1869 ) ;
#2695 = B_SPLINE_CURVE_WITH_KNOTS ( 'NONE', 3,
 ( #1689, #74, #1230, #2617 ),
 .UNSPECIFIED., .F., .F.,
 ( 4, 4 ),
 ( 0.000000000000000000, 0.0003131537494615501543 ),
 .UNSPECIFIED. ) ;
#2696 = ORIENTED_EDGE ( 'NONE', *, *, #314, .F. ) ;
#2697 = AXIS2_PLACEMENT_3D ( 'NONE', #2551, #2788, #2576 ) ;
#2698 = ADVANCED_FACE ( 'NONE', ( #512 ), #1714, .F. ) ;
#2699 = VERTEX_POINT ( 'NONE', #1038 ) ;
#2700 = DIRECTION ( 'NONE',  ( 0.000000000000000000, 1.000000000000000000, 0.000000000000000000 ) ) ;
#2701 = CIRCLE ( 'NONE', #2475, 4.999999999999999112 ) ;
#2702 = ORIENTED_EDGE ( 'NONE', *, *, #2856, .F. ) ;
#2703 = APPROVAL_STATUS ( 'not_yet_approved' ) ;
#2704 = EDGE_CURVE ( 'NONE', #2680, #2902, #2669, .T. ) ;
#2705 = AXIS2_PLACEMENT_3D ( 'NONE', #606, #567, #2225 ) ;
#2706 = ORIENTED_EDGE ( 'NONE', *, *, #1500, .T. ) ;
#2707 = CARTESIAN_POINT ( 'NONE',  ( -4.000000000000000000, 38.00000000000000000, 5.000000000000000000 ) ) ;
#2708 = EDGE_CURVE ( 'NONE', #2858, #1099, #368, .T. ) ;
#2709 = ORIENTED_EDGE ( 'NONE', *, *, #284, .T. ) ;
#2710 = CIRCLE ( 'NONE', #2619, 1.450000000000000844 ) ;
#2711 = CARTESIAN_POINT ( 'NONE',  ( 7.000000000000000000, 37.81823265331762940, -4.199999999999999289 ) ) ;
#2712 = SECURITY_CLASSIFICATION ( '', '', #1289 ) ;
#2713 = AXIS2_PLACEMENT_3D ( 'NONE', #2679, #1305, #2229 ) ;
#2714 = ORIENTED_EDGE ( 'NONE', *, *, #2918, .F. ) ;
#2715 = DIRECTION ( 'NONE',  ( 0.7071067811865465735, 8.659560562354942719E-17, 0.7071067811865483499 ) ) ;
#2716 = DIRECTION ( 'NONE',  ( 0.000000000000000000, 0.000000000000000000, 1.000000000000000000 ) ) ;
#2717 = ORIENTED_EDGE ( 'NONE', *, *, #51, .T. ) ;
#2718 = LINE ( 'NONE', #902, #2463 ) ;
#2719 = ORIENTED_EDGE ( 'NONE', *, *, #707, .T. ) ;
#2720 = DIRECTION ( 'NONE',  ( 1.000000000000000000, 0.000000000000000000, 0.000000000000000000 ) ) ;
#2721 = ORIENTED_EDGE ( 'NONE', *, *, #1467, .T. ) ;
#2722 = CYLINDRICAL_SURFACE ( 'NONE', #1429, 1.000000000000000888 ) ;
#2723 = VERTEX_POINT ( 'NONE', #993 ) ;
#2724 = CARTESIAN_POINT ( 'NONE',  ( -7.000000000000000000, 34.45000000000000284, -3.095950378226080435 ) ) ;
#2725 = DIRECTION ( 'NONE',  ( 1.000000000000000000, -0.000000000000000000, -0.000000000000000000 ) ) ;
#2726 = CARTESIAN_POINT ( 'NONE',  ( 6.000000000000000000, 39.00000000000000000, 2.999999999999985789 ) ) ;
#2727 = DIRECTION ( 'NONE',  ( 0.000000000000000000, -0.000000000000000000, -1.000000000000000000 ) ) ;
#2728 = VECTOR ( 'NONE', #2038, 1000.000000000000000 ) ;
#2729 = ADVANCED_FACE ( 'NONE', ( #1507, #2158, #2876, #1269, #2431 ), #824, .F. ) ;
#2730 = ORIENTED_EDGE ( 'NONE', *, *, #1399, .T. ) ;
#2731 = CIRCLE ( 'NONE', #539, 2.000000000000002665 ) ;
#2732 = CIRCLE ( 'NONE', #2300, 2.000000000000000444 ) ;
#2733 = VECTOR ( 'NONE', #457, 1000.000000000000000 ) ;
#2734 = CARTESIAN_POINT ( 'NONE',  ( 6.000000000000000000, 38.00000000000000000, -8.999999999999998224 ) ) ;
#2735 = AXIS2_PLACEMENT_3D ( 'NONE', #2549, #1616, #1427 ) ;
#2736 = ORIENTED_EDGE ( 'NONE', *, *, #513, .T. ) ;
#2737 = FACE_OUTER_BOUND ( 'NONE', #276, .T. ) ;
#2738 = DIRECTION ( 'NONE',  ( 0.000000000000000000, 0.000000000000000000, 1.000000000000000000 ) ) ;
#2739 = DIRECTION ( 'NONE',  ( 0.000000000000000000, 0.000000000000000000, 1.000000000000000000 ) ) ;
#2740 = EDGE_CURVE ( 'NONE', #1962, #788, #2853, .T. ) ;
#2741 = LINE ( 'NONE', #1115, #1169 ) ;
#2742 = PLANE ( 'NONE',  #863 ) ;
#2743 = VERTEX_POINT ( 'NONE', #1916 ) ;
#2744 = DIRECTION ( 'NONE',  ( 0.000000000000000000, 0.000000000000000000, 1.000000000000000000 ) ) ;
#2745 = VECTOR ( 'NONE', #297, 1000.000000000000227 ) ;
#2746 = EDGE_LOOP ( 'NONE', ( #410, #1285, #339, #1525, #1961 ) ) ;
#2747 = CYLINDRICAL_SURFACE ( 'NONE', #2801, 4.999999999999999112 ) ;
#2748 = EDGE_LOOP ( 'NONE', ( #1604, #497, #626, #1281, #564 ) ) ;
#2749 = CYLINDRICAL_SURFACE ( 'NONE', #1381, 0.8000000000000017097 ) ;
#2750 = TOROIDAL_SURFACE ( 'NONE', #2904, 1.000000000000000000, 1.000000000000000000 ) ;
#2751 = ORIENTED_EDGE ( 'NONE', *, *, #2598, .T. ) ;
#2752 = EDGE_CURVE ( 'NONE', #1872, #2082, #652, .T. ) ;
#2753 = CARTESIAN_POINT ( 'NONE',  ( 5.800000000000010481, 37.20000000000000284, 2.300000000000001599 ) ) ;
#2754 = LINE ( 'NONE', #1814, #202 ) ;
#2755 = CARTESIAN_POINT ( 'NONE',  ( 4.283254797250467760, 0.000000000000000000, -1.615000000000000657 ) ) ;
#2756 = CIRCLE ( 'NONE', #1459, 1.250000000000000222 ) ;
#2757 = ORIENTED_EDGE ( 'NONE', *, *, #1510, .T. ) ;
#2758 = LINE ( 'NONE', #662, #473 ) ;
#2759 = AXIS2_PLACEMENT_3D ( 'NONE', #2600, #1056, #1986 ) ;
#2760 = ORIENTED_EDGE ( 'NONE', *, *, #1812, .T. ) ;
#2761 = EDGE_CURVE ( 'NONE', #250, #409, #139, .T. ) ;
#2762 = CARTESIAN_POINT ( 'NONE',  ( 3.500000000000000000, 33.20000000000000995, 1.500000000000000000 ) ) ;
#2763 = DIRECTION ( 'NONE',  ( 0.000000000000000000, -0.000000000000000000, 1.000000000000000000 ) ) ;
#2764 = VERTEX_POINT ( 'NONE', #2889 ) ;
#2765 = CARTESIAN_POINT ( 'NONE',  ( -8.000000000000000000, 35.20000000000000284, -4.949999999999998401 ) ) ;
#2766 = EDGE_CURVE ( 'NONE', #2282, #2438, #617, .T. ) ;
#2767 = DIRECTION ( 'NONE',  ( 0.000000000000000000, 0.000000000000000000, -1.000000000000000000 ) ) ;
#2768 = EDGE_CURVE ( 'NONE', #374, #43, #2091, .T. ) ;
#2769 = ORIENTED_EDGE ( 'NONE', *, *, #1794, .T. ) ;
#2770 = FACE_OUTER_BOUND ( 'NONE', #2559, .T. ) ;
#2771 = DIRECTION ( 'NONE',  ( 0.000000000000000000, -0.000000000000000000, 1.000000000000000000 ) ) ;
#2772 = CYLINDRICAL_SURFACE ( 'NONE', #792, 2.000000000000000444 ) ;
#2773 = DIRECTION ( 'NONE',  ( -0.000000000000000000, 1.000000000000000000, -0.000000000000000000 ) ) ;
#2774 = CARTESIAN_POINT ( 'NONE',  ( 3.999999999999986233, 28.69999999999999574, -5.000000000000000888 ) ) ;
#2775 = CARTESIAN_POINT ( 'NONE',  ( 6.000000000000000888, 30.69999999999999929, -7.999999999999998224 ) ) ;
#2776 = ORIENTED_EDGE ( 'NONE', *, *, #194, .F. ) ;
#2777 = CARTESIAN_POINT ( 'NONE',  ( -8.000000000000000000, 35.95000000000000284, -3.709032635400921318 ) ) ;
#2778 = EDGE_CURVE ( 'NONE', #2672, #1781, #561, .T. ) ;
#2779 = ORIENTED_EDGE ( 'NONE', *, *, #194, .T. ) ;
#2780 = CIRCLE ( 'NONE', #2115, 2.000000000000002665 ) ;
#2781 = AXIS2_PLACEMENT_3D ( 'NONE', #685, #2510, #1790 ) ;
#2782 = ORIENTED_EDGE ( 'NONE', *, *, #2207, .T. ) ;
#2783 = DIRECTION ( 'NONE',  ( -1.000000000000000000, -0.000000000000000000, -0.000000000000000000 ) ) ;
#2784 = AXIS2_PLACEMENT_3D ( 'NONE', #1703, #2363, #2615 ) ;
#2785 = EDGE_LOOP ( 'NONE', ( #1086, #901, #680, #807 ) ) ;
#2786 = ORIENTED_EDGE ( 'NONE', *, *, #2090, .T. ) ;
#2787 = CIRCLE ( 'NONE', #866, 0.8000000000000019318 ) ;
#2788 = DIRECTION ( 'NONE',  ( -1.000000000000000000, -0.000000000000000000, -0.000000000000000000 ) ) ;
#2789 = FACE_OUTER_BOUND ( 'NONE', #2800, .T. ) ;
#2790 = CARTESIAN_POINT ( 'NONE',  ( -6.000000000000000000, 37.20000000000000284, 2.499999999999996891 ) ) ;
#2791 = EDGE_CURVE ( 'NONE', #207, #657, #336, .T. ) ;
#2792 = CARTESIAN_POINT ( 'NONE',  ( -4.000000000000000000, 30.69999999999999929, 3.000000000000000444 ) ) ;
#2793 = VERTEX_POINT ( 'NONE', #2601 ) ;
#2794 = PLANE ( 'NONE',  #1980 ) ;
#2795 = DIRECTION ( 'NONE',  ( 1.000000000000000000, 0.000000000000000000, 0.000000000000000000 ) ) ;
#2796 = ORIENTED_EDGE ( 'NONE', *, *, #871, .T. ) ;
#2797 = ORIENTED_EDGE ( 'NONE', *, *, #170, .F. ) ;
#2798 = CARTESIAN_POINT ( 'NONE',  ( -8.000000000000000000, 35.20000000000000284, -4.949999999999998401 ) ) ;
#2799 = ADVANCED_FACE ( 'NONE', ( #1235 ), #109, .T. ) ;
#2800 = EDGE_LOOP ( 'NONE', ( #822, #14, #261, #471 ) ) ;
#2801 = AXIS2_PLACEMENT_3D ( 'NONE', #290, #698, #1898 ) ;
#2802 = LINE ( 'NONE', #2753, #1155 ) ;
#2803 = DIRECTION ( 'NONE',  ( 0.000000000000000000, 1.000000000000000000, 0.000000000000000000 ) ) ;
#2804 = FACE_OUTER_BOUND ( 'NONE', #359, .T. ) ;
#2805 = EDGE_CURVE ( 'NONE', #1111, #374, #1474, .T. ) ;
#2806 = LOCAL_TIME ( 16, 32, 55.00000000000000000, #442 ) ;
#2807 = CARTESIAN_POINT ( 'NONE',  ( -7.865208532137208053, 34.45000000000000284, -6.031510665171583518 ) ) ;
#2808 = CARTESIAN_POINT ( 'NONE',  ( 6.000000000000000000, 28.69999999999999574, 2.999999999999986677 ) ) ;
#2809 = CARTESIAN_POINT ( 'NONE',  ( 4.283254797250468648, -15.00000000000000000, 1.615000000000000657 ) ) ;
#2810 = VECTOR ( 'NONE', #2425, 1000.000000000000000 ) ;
#2811 = CARTESIAN_POINT ( 'NONE',  ( -7.932127016263511798, 35.95000000000000284, -3.788338368352006658 ) ) ;
#2812 = LINE ( 'NONE', #930, #450 ) ;
#2813 = CARTESIAN_POINT ( 'NONE',  ( 4.283254797250468648, -15.00000000000000000, 0.4050000000000000266 ) ) ;
#2814 = ORIENTED_EDGE ( 'NONE', *, *, #625, .T. ) ;
#2815 = FACE_OUTER_BOUND ( 'NONE', #1888, .T. ) ;
#2816 = CARTESIAN_POINT ( 'NONE',  ( -5.999999999999999112, 30.69999999999999929, -9.999999999999998224 ) ) ;
#2817 = ADVANCED_FACE ( 'NONE', ( #356 ), #2174, .T. ) ;
#2818 = ORIENTED_EDGE ( 'NONE', *, *, #2892, .T. ) ;
#2819 = CARTESIAN_POINT ( 'NONE',  ( -7.000000000000000000, 0.000000000000000000, 0.000000000000000000 ) ) ;
#2820 = DIRECTION ( 'NONE',  ( 0.000000000000000000, 0.000000000000000000, 1.000000000000000000 ) ) ;
#2821 = CARTESIAN_POINT ( 'NONE',  ( 5.800000000000009592, 33.20000000000000995, 0.6999999999999985123 ) ) ;
#2822 = DIRECTION ( 'NONE',  ( -1.000000000000000000, -0.000000000000000000, -0.000000000000000000 ) ) ;
#2823 = EDGE_CURVE ( 'NONE', #1410, #2793, #2664, .T. ) ;
#2824 = ORIENTED_EDGE ( 'NONE', *, *, #558, .F. ) ;
#2825 = CARTESIAN_POINT ( 'NONE',  ( -6.000000000000000000, 28.69999999999999574, -2.999999999999985789 ) ) ;
#2826 = CIRCLE ( 'NONE', #1482, 1.250000000000000222 ) ;
#2827 = CIRCLE ( 'NONE', #1919, 2.000000000000002665 ) ;
#2828 = CIRCLE ( 'NONE', #1098, 0.8000000000000015987 ) ;
#2829 = VECTOR ( 'NONE', #2245, 1000.000000000000000 ) ;
#2830 = CARTESIAN_POINT ( 'NONE',  ( 0.000000000000000000, 0.000000000000000000, 0.000000000000000000 ) ) ;
#2831 = DIRECTION ( 'NONE',  ( 1.000000000000000000, -0.000000000000000000, -0.000000000000000000 ) ) ;
#2832 = AXIS2_PLACEMENT_3D ( 'NONE', #971, #313, #524 ) ;
#2833 = CARTESIAN_POINT ( 'NONE',  ( 3.500000000000000000, 33.20000000000000995, 0.6999999999999985123 ) ) ;
#2834 = CARTESIAN_POINT ( 'NONE',  ( 6.999999999999999112, 36.20000000000000284, -4.199999999999999289 ) ) ;
#2835 = EDGE_CURVE ( 'NONE', #1364, #207, #1456, .T. ) ;
#2836 = DIRECTION ( 'NONE',  ( 0.000000000000000000, 1.000000000000000000, -0.000000000000000000 ) ) ;
#2837 = DIRECTION ( 'NONE',  ( -0.000000000000000000, 1.000000000000000000, -0.000000000000000000 ) ) ;
#2838 = FACE_OUTER_BOUND ( 'NONE', #1857, .T. ) ;
#2839 = FACE_BOUND ( 'NONE', #1997, .T. ) ;
#2840 = CARTESIAN_POINT ( 'NONE',  ( 5.000000000000000000, 38.00000000000000000, -7.999999999999998224 ) ) ;
#2841 = EDGE_LOOP ( 'NONE', ( #1503, #933 ) ) ;
#2842 = DIRECTION ( 'NONE',  ( -1.000000000000000000, -0.000000000000000000, -0.000000000000000000 ) ) ;
#2843 = CIRCLE ( 'NONE', #1544, 0.9999999999999935607 ) ;
#2844 = ORIENTED_EDGE ( 'NONE', *, *, #1801, .T. ) ;
#2845 = DIRECTION ( 'NONE',  ( 1.000000000000000000, 0.000000000000000000, 0.000000000000000000 ) ) ;
#2846 = DIRECTION ( 'NONE',  ( -1.000000000000000000, 0.000000000000000000, 0.000000000000000000 ) ) ;
#2847 = CIRCLE ( 'NONE', #367, 0.4000000000000004108 ) ;
#2848 = DIRECTION ( 'NONE',  ( -0.000000000000000000, 1.000000000000000000, -0.000000000000000000 ) ) ;
#2849 = EDGE_CURVE ( 'NONE', #2764, #1363, #399, .T. ) ;
#2850 = DIRECTION ( 'NONE',  ( -1.000000000000000000, 0.000000000000000000, 0.000000000000000000 ) ) ;
#2851 = CARTESIAN_POINT ( 'NONE',  ( 5.000000000000000000, 40.00000000000000000, -7.999999999999998224 ) ) ;
#2852 = ORIENTED_EDGE ( 'NONE', *, *, #87, .T. ) ;
#2853 = CIRCLE ( 'NONE', #838, 0.4000000000000004108 ) ;
#2854 = DIRECTION ( 'NONE',  ( 1.000000000000000000, 0.000000000000000000, 0.000000000000000000 ) ) ;
#2855 = DIRECTION ( 'NONE',  ( -0.000000000000000000, 1.000000000000000000, -0.000000000000000000 ) ) ;
#2856 = EDGE_CURVE ( 'NONE', #1737, #1872, #1481, .T. ) ;
#2857 = VECTOR ( 'NONE', #2105, 1000.000000000000000 ) ;
#2858 = VERTEX_POINT ( 'NONE', #2565 ) ;
#2859 = DIRECTION ( 'NONE',  ( 0.000000000000000000, 0.000000000000000000, -1.000000000000000000 ) ) ;
#2860 = VECTOR ( 'NONE', #1715, 1000.000000000000000 ) ;
#2861 = EDGE_CURVE ( 'NONE', #1405, #1737, #655, .T. ) ;
#2862 = EDGE_LOOP ( 'NONE', ( #1746, #1850, #952, #2195 ) ) ;
#2863 = EDGE_CURVE ( 'NONE', #1647, #2282, #562, .T. ) ;
#2864 = DIRECTION ( 'NONE',  ( 1.000000000000000000, -0.000000000000000000, -0.000000000000000000 ) ) ;
#2865 = LINE ( 'NONE', #1508, #756 ) ;
#2866 = ORIENTED_EDGE ( 'NONE', *, *, #1264, .F. ) ;
#2867 = VERTEX_POINT ( 'NONE', #114 ) ;
#2868 = CARTESIAN_POINT ( 'NONE',  ( -7.000000000000000000, 0.000000000000000000, 0.000000000000000000 ) ) ;
#2869 = SHAPE_DEFINITION_REPRESENTATION ( #2044, #2593 ) ;
#2870 = LINE ( 'NONE', #248, #1453 ) ;
#2871 = ORIENTED_EDGE ( 'NONE', *, *, #337, .F. ) ;
#2872 = CARTESIAN_POINT ( 'NONE',  ( 5.590215260425026145, 38.79510763021249176, 4.219979569914966255 ) ) ;
#2873 = CARTESIAN_POINT ( 'NONE',  ( -7.800000000000006928, 35.95000000000000284, -5.949999999999998401 ) ) ;
#2874 = EDGE_CURVE ( 'NONE', #1257, #2639, #794, .T. ) ;
#2875 = CARTESIAN_POINT ( 'NONE',  ( 5.800000000000010481, 37.20000000000000284, 1.500000000000000000 ) ) ;
#2876 = FACE_BOUND ( 'NONE', #1321, .T. ) ;
#2877 = VECTOR ( 'NONE', #2508, 1000.000000000000000 ) ;
#2878 = DIRECTION ( 'NONE',  ( -0.000000000000000000, -1.000000000000000000, 0.000000000000000000 ) ) ;
#2879 = ORIENTED_EDGE ( 'NONE', *, *, #2022, .T. ) ;
#2880 = AXIS2_PLACEMENT_3D ( 'NONE', #2875, #1504, #1914 ) ;
#2881 = ORIENTED_EDGE ( 'NONE', *, *, #2101, .T. ) ;
#2882 = DIRECTION ( 'NONE',  ( -1.000000000000000000, -0.000000000000000000, -0.000000000000000000 ) ) ;
#2883 = CALENDAR_DATE ( 2025, 28, 7 ) ;
#2884 = CARTESIAN_POINT ( 'NONE',  ( 5.000000000000000000, 40.00000000000000000, 4.171572875253809265 ) ) ;
#2885 = ORIENTED_EDGE ( 'NONE', *, *, #247, .F. ) ;
#2886 = CARTESIAN_POINT ( 'NONE',  ( 4.523495790466917299, 38.26174789523361852, 4.947945344328167572 ) ) ;
#2887 = ORIENTED_EDGE ( 'NONE', *, *, #1641, .F. ) ;
#2888 = DIRECTION ( 'NONE',  ( 0.000000000000000000, 0.000000000000000000, 1.000000000000000000 ) ) ;
#2889 = CARTESIAN_POINT ( 'NONE',  ( -8.000000000000000000, 34.45000000000000284, -3.095950378226080879 ) ) ;
#2890 = CYLINDRICAL_SURFACE ( 'NONE', #1753, 0.8000000000000015987 ) ;
#2891 = ORIENTED_EDGE ( 'NONE', *, *, #1418, .T. ) ;
#2892 = EDGE_CURVE ( 'NONE', #2287, #1628, #1797, .T. ) ;
#2893 = ORIENTED_EDGE ( 'NONE', *, *, #2394, .T. ) ;
#2894 = EDGE_CURVE ( 'NONE', #1854, #2116, #2327, .T. ) ;
#2895 = CYLINDRICAL_SURFACE ( 'NONE', #317, 0.8000000000000017097 ) ;
#2896 = AXIS2_PLACEMENT_3D ( 'NONE', #1015, #360, #377 ) ;
#2897 = VECTOR ( 'NONE', #1205, 1000.000000000000000 ) ;
#2898 = COORDINATED_UNIVERSAL_TIME_OFFSET ( 8, 0, .AHEAD. ) ;
#2899 = ORIENTED_EDGE ( 'NONE', *, *, #309, .F. ) ;
#2900 = CARTESIAN_POINT ( 'NONE',  ( 5.810804154951899392, 39.81080415495158320, 3.908413898448800605 ) ) ;
#2901 = PLANE ( 'NONE',  #2713 ) ;
#2902 = VERTEX_POINT ( 'NONE', #2851 ) ;
#2903 = VECTOR ( 'NONE', #2850, 1000.000000000000000 ) ;
#2904 = AXIS2_PLACEMENT_3D ( 'NONE', #2840, #787, #345 ) ;
#2905 = ORIENTED_EDGE ( 'NONE', *, *, #138, .T. ) ;
#2906 = CYLINDRICAL_SURFACE ( 'NONE', #1166, 0.4000000000000004108 ) ;
#2907 = LINE ( 'NONE', #603, #1803 ) ;
#2908 = DIRECTION ( 'NONE',  ( 0.000000000000000000, -0.000000000000000000, 1.000000000000000000 ) ) ;
#2909 = VERTEX_POINT ( 'NONE', #798 ) ;
#2910 = PLANE ( 'NONE',  #999 ) ;
#2911 = CARTESIAN_POINT ( 'NONE',  ( -4.196336970049969750, 38.19633697004900341, 4.999907450140039344 ) ) ;
#2912 = CARTESIAN_POINT ( 'NONE',  ( 4.283254797250468648, 0.000000000000000000, 0.4050000000000000266 ) ) ;
#2913 = ADVANCED_FACE ( 'NONE', ( #986 ), #2944, .F. ) ;
#2914 = VERTEX_POINT ( 'NONE', #2462 ) ;
#2915 = EDGE_CURVE ( 'NONE', #2626, #2407, #1755, .T. ) ;
#2916 = ORIENTED_EDGE ( 'NONE', *, *, #1570, .T. ) ;
#2917 = EDGE_LOOP ( 'NONE', ( #870, #2111 ) ) ;
#2918 = EDGE_CURVE ( 'NONE', #257, #111, #1991, .T. ) ;
#2919 = AXIS2_PLACEMENT_3D ( 'NONE', #1909, #1225, #2578 ) ;
#2920 = AXIS2_PLACEMENT_3D ( 'NONE', #700, #1612, #932 ) ;
#2921 = EDGE_CURVE ( 'NONE', #179, #2743, #2907, .T. ) ;
#2922 = ORIENTED_EDGE ( 'NONE', *, *, #1610, .F. ) ;
#2923 = DIRECTION ( 'NONE',  ( 0.000000000000000000, 1.000000000000000000, -0.000000000000000000 ) ) ;
#2924 = AXIS2_PLACEMENT_3D ( 'NONE', #365, #1266, #2188 ) ;
#2925 = EDGE_LOOP ( 'NONE', ( #230, #854, #2605, #949 ) ) ;
#2926 = CARTESIAN_POINT ( 'NONE',  ( 5.229093460518718040, 38.61454673025929196, 4.599333664227472696 ) ) ;
#2927 = CARTESIAN_POINT ( 'NONE',  ( -4.523495790466916411, 38.26174789523361852, 4.947945344328167572 ) ) ;
#2928 = VERTEX_POINT ( 'NONE', #1728 ) ;
#2929 = DIRECTION ( 'NONE',  ( -1.000000000000000000, -0.000000000000000000, -0.000000000000000000 ) ) ;
#2930 = VERTEX_POINT ( 'NONE', #1256 ) ;
#2931 = CARTESIAN_POINT ( 'NONE',  ( -8.000000000000000000, 35.20000000000000284, -4.949999999999998401 ) ) ;
#2932 = EDGE_LOOP ( 'NONE', ( #1070, #2035, #654, #1186, #604, #783, #29, #931, #2284, #1063, #2719, #362 ) ) ;
#2933 = DIRECTION ( 'NONE',  ( -1.000000000000000000, -0.000000000000000000, -0.000000000000000000 ) ) ;
#2934 = CARTESIAN_POINT ( 'NONE',  ( 4.283254797250467760, -15.00000000000000000, -0.4050000000000000266 ) ) ;
#2935 = EDGE_CURVE ( 'NONE', #111, #2434, #2472, .T. ) ;
#2936 = EDGE_LOOP ( 'NONE', ( #2899, #1629, #2114, #1109, #135 ) ) ;
#2937 = CARTESIAN_POINT ( 'NONE',  ( -5.000000000000000000, 39.00000000000000000, -7.999999999999998224 ) ) ;
#2938 = PERSON_AND_ORGANIZATION ( #1811, #1506 ) ;
#2939 = AXIS2_PLACEMENT_3D ( 'NONE', #1975, #1480, #1239 ) ;
#2940 = ORIENTED_EDGE ( 'NONE', *, *, #1156, .F. ) ;
#2941 = LINE ( 'NONE', #628, #2021 ) ;
#2942 = DIRECTION ( 'NONE',  ( 0.000000000000000000, 0.000000000000000000, -1.000000000000000000 ) ) ;
#2943 = ORIENTED_EDGE ( 'NONE', *, *, #1963, .T. ) ;
#2944 = CONICAL_SURFACE ( 'NONE', #980, 0.3000000000000020983, 0.7853981633974496113 ) ;
#2945 = LINE ( 'NONE', #1157, #2684 ) ;
#2946 = EDGE_CURVE ( 'NONE', #1159, #445, #420, .T. ) ;
#2947 = LINE ( 'NONE', #852, #2136 ) ;
#2948 = AXIS2_PLACEMENT_3D ( 'NONE', #1011, #2878, #322 ) ;
#2949 = CARTESIAN_POINT ( 'NONE',  ( -8.000000000000000000, 35.20000000000000284, -4.949999999999998401 ) ) ;
#2950 = EDGE_CURVE ( 'NONE', #2558, #1471, #2178, .T. ) ;
#2951 = DIRECTION ( 'NONE',  ( -0.000000000000000000, -1.000000000000000000, 0.000000000000000000 ) ) ;
#2952 = ORIENTED_EDGE ( 'NONE', *, *, #672, .T. ) ;
#2953 = DIRECTION ( 'NONE',  ( 0.000000000000000000, 0.000000000000000000, 1.000000000000000000 ) ) ;
#2954 = ORIENTED_EDGE ( 'NONE', *, *, #1072, .T. ) ;
#2955 = CARTESIAN_POINT ( 'NONE',  ( 7.799999999999998046, 36.20000000000000284, -5.700000000000000178 ) ) ;
ENDSEC;
END-ISO-10303-21;
